Id,BIRTHDATE,DEATHDATE,SSN,DRIVERS,PASSPORT,PREFIX,FIRST,MIDDLE,LAST,SUFFIX,MAIDEN,MARITAL,RACE,ETHNICITY,GENDER,BIRTHPLACE,ADDRESS,CITY,STATE,COUNTY,FIPS,ZIP,LAT,LON,HEALTHCARE_EXPENSES,HEALTHCARE_COVERAGE,INCOME
a02a3f43-b6f4-d209-4062-af0cec3b22c1,2015-08-01,,999-99-5386,,,,Jacobo456,Patricio639,Malave728,,,,white,hispanic,M,Gaudalajara  Jalisco  MX,530 Zboncak Landing Suite 63,Montebello,California,Los Angeles County,6037,90022,34.012467415112646,-118.14746462284438,33339.29,4690.13,65295
59844213-b884-17cb-59e9-c07a73a06f41,1976-11-03,,999-75-8169,S99979659,X1180695X,Mr.,Frederick289,Galen747,Breitenberg711,,,M,asian,nonhispanic,M,Oroville  California  US,227 Stiedemann Union Suite 28,Brea,California,Orange County,6059,92870,33.9393011179221,-117.76723948180056,6183.29,235528.06,20100
a0b63e97-b6fd-5fe1-8f2d-2bec915efa97,1994-02-26,,999-53-6488,S99963995,X65578833X,Mr.,Luther918,Monroe732,MacGyver246,,,M,white,nonhispanic,M,Richmond  California  US,250 Morar Fork Apt 66,Los Angeles,California,Los Angeles County,6037,90066,33.803958143636194,-118.16499538672404,21978.57,63792.00,41800
d92132ce-06ac-3ab4-217f-97257a290b22,2011-09-25,,999-65-7810,,,,Dannette613,Darcie474,Bauch723,,,,white,nonhispanic,F,Berkeley  California  US,593 Doyle Ranch,Lemon Hill,California,Sacramento County,,00000,38.55092979196755,-121.40955183225064,2798.49,141417.37,31770
92675303-ca5b-136a-169b-e764c5753f06,1998-05-08,,999-62-9859,S99963661,X20663148X,Mr.,Lorenzo669,Julio255,Urrutia540,,,,white,hispanic,M,Carolina  Puerto Rico  PR,386 Altenwerth Orchard Apt 67,Glendale,California,Los Angeles County,6037,91210,34.21521949034581,-118.20846654003923,110145.10,3288.27,88407
54f1059e-6250-3949-6dd0-1dda9b85d22a,2003-02-12,,999-28-3364,S99936929,X15345756X,Ms.,Fredricka415,Matha641,Crist667,,,,white,nonhispanic,F,San Jose  California  US,931 Bartell Ville Apt 84,Irvine,California,Orange County,6059,92676,33.74517092481692,-117.74997027981273,56198.94,133887.30,330702
239ae86a-96db-6211-9042-d3f2850aabb8,1970-06-17,,999-74-7366,S99962894,X13153521X,Mr.,Darrell400,Harry448,Muller251,,,D,white,hispanic,M,Dublin  California  US,541 Stracke Plaza,San Jose,California,Santa Clara County,6085,95140,37.30226576037261,-121.96683622886896,10675.97,194000.08,3928
ae8722c8-8fe3-3bf6-9ae3-d25954bcb8b8,1965-02-19,,999-42-9609,S99923573,X35991744X,Mrs.,Yong583,Oralia106,Friesen796,,Turcotte120,M,white,nonhispanic,F,Apple Valley  California  US,113 Oberbrunner Trail Suite 11,Santa Ana,California,Orange County,6059,92703,33.70156373541448,-117.85518759005726,476303.99,1632174.27,48846
28d7b56c-6056-d0a2-2991-39d6e917216c,1999-12-04,,999-31-6091,S99930609,X32352139X,Ms.,Angela104,Bella510,Funk324,,,,white,hispanic,F,Orange  California  US,677 Bosco Extension,Isla Vista,California,Santa Barbara County,6083,93117,34.498327715195025,-120.05797683062254,8435.24,302054.19,10451
abc59f62-dc5a-5095-1141-80b4ee8be73b,1996-06-13,,999-37-1058,S99918022,X63553287X,Mrs.,Jacque955,Jin479,Satterfield305,,Will178,M,white,nonhispanic,F,Santa Cruz  California  US,492 Keebler Estate,Fairfield,California,Solano County,6095,94585,38.18324005715623,-121.9588555053258,348990.79,186000.37,41915
6f3ec64a-c315-2b26-5973-21ef2f09160f,1981-10-28,,999-14-3900,S99972011,X10902702X,Ms.,Velvet616,Belia417,Legros616,,,S,white,nonhispanic,F,Riverside  California  US,893 McGlynn Gateway Apt 0,San Ramon,California,Contra Costa County,6013,94583,37.770453690112504,-121.91869105402458,201455.77,1289721.88,162127
6c434506-fb4b-3e3f-c19d-553dec3b6c17,1960-08-23,,999-44-3322,S99917188,X29814445X,Mrs.,Claudia969,,Fuentes250,,Pacheco179,D,asian,hispanic,F,La Paz  Baja California  MX,625 Doyle Row,Sacramento,California,Sacramento County,6067,95818,38.535446317411456,-121.35736776420649,36995.78,2268137.40,5779
6872def5-772f-427c-3053-de6e1c71ce0a,1960-01-29,,999-96-6821,S99933974,X77359943X,Mr.,Alfred550,Andres25,West559,,,M,white,hispanic,M,Clovis  California  US,1037 Stehr Park,Chino Hills,California,San Bernardino County,6071,91709,34.00456552463694,-117.78349494036952,169443.24,103892.71,363895
82340b68-7f78-8d50-15ba-0396be76a381,1999-12-08,,999-82-6124,S99971267,X6326327X,Mr.,Zackary401,,Lehner980,,,,white,nonhispanic,M,Encinitas  California  US,427 Lemke Hollow,Bakersfield,California,Kern County,6029,93306,35.13865465995054,-118.8231036219739,4966.22,122735.37,11774
a832f5fa-07a9-e8ef-dc1a-8df6376be9cf,1984-07-18,,999-53-3586,S99985044,X86128030X,Mr.,Korey682,Fred155,Howell947,,,M,asian,nonhispanic,M,San Diego  California  US,542 Connelly Dam Suite 86,San Diego,California,San Diego County,6073,92103,32.6096840762082,-116.971407591123,137617.80,45582.08,147544
73c66565-1b7f-5b57-4029-83de693606a4,1995-09-01,2011-05-22,999-29-2923,,,,Lia388,Lashon823,Rosenbaum794,,,,white,nonhispanic,F,San Francisco  California  US,1073 Wunsch Quay Suite 85,La Habra,California,Orange County,6059,92835,33.89059853588307,-117.96407200745965,55370.85,74730.29,47115
7ac6b3c7-cdd7-23c4-52bf-a6cd4440a9d6,1974-06-02,,999-44-4295,S99945298,X70073526X,Mrs.,Norma469,Esperanza675,Estévez304,,Esquibel766,D,white,hispanic,F,Caguas  Puerto Rico  PR,788 Reynolds Mall,Turlock,California,Stanislaus County,6099,95382,37.53826039606934,-120.87565773180366,907022.26,742257.18,69914
4b9c1991-8733-d3f6-777d-6310b5dd7af2,1968-05-19,,999-36-6696,S99929967,X76279881X,Mrs.,Delia459,Kathyrn611,Lesch175,,Pagac496,W,asian,hispanic,F,Santa Clara  California  US,1062 Hegmann Row Apt 57,Fresno,California,Fresno County,6019,93706,36.75009277826428,-119.77389264048178,363876.68,1237385.92,31206
9f6a80af-4fa3-bd0f-750b-94b7c3f7046d,1955-05-06,,999-41-5047,S99962644,X84006053X,Mrs.,Katherina205,Kimber624,Heathcote539,,Corwin846,M,white,nonhispanic,F,Camarillo  California  US,947 Treutel Skyway Suite 59,Hayward,California,Alameda County,6001,94544,37.73002643106544,-122.10813657559525,667793.93,608767.17,47252
d9fb22dd-45ab-41e3-7c6c-393d74805e67,1953-05-09,,999-94-7134,S99998446,X48259994X,Mrs.,Mari763,Thora330,Monahan736,,Fadel536,M,black,nonhispanic,F,Rancho Cucamonga  California  US,291 Wintheiser Dam Apt 49,Corona,California,Riverside County,6065,92860,33.79207304722319,-117.55296504887082,727207.36,805199.37,35382
e468e3f0-9c9c-5374-b953-db1ba26c9617,2006-01-29,,999-43-9141,S99997101,,Ms.,Towanda270,Darla154,Harvey63,,,,white,nonhispanic,F,Reedley  California  US,418 Grimes Path,Los Angeles,California,Los Angeles County,6037,90018,34.10506505050679,-118.41202546693044,58594.76,33571.81,50734
12e6dd54-169a-78f9-02f0-e7e41b07b0eb,2005-02-16,,999-85-8101,S99972821,,Ms.,Kandi717,Tran115,Romaguera67,,,,white,nonhispanic,F,San Marino  California  US,672 Koelpin Glen,Woodland,California,Yolo County,6113,95695,38.66004436093744,-121.7407565116409,96584.40,29419.85,98212
0d7f673c-e7ef-53d0-f561-1a7e9dd15d0c,1967-12-10,,999-73-2801,S99944547,X40770452X,Mrs.,Lashunda872,Leanna255,Wilderman619,,Little434,M,white,nonhispanic,F,Los Angeles  California  US,378 Yundt Plaza,Moreno Valley,California,Riverside County,6065,92557,33.84209984512405,-117.09515014232036,984440.50,894619.12,38068
44a8ca45-6c6e-38bb-fac0-ddbf7a7ee3a4,1987-09-13,,999-51-4389,S99979881,X86178706X,Mr.,Rudolf736,Angelo118,Rohan584,MD,,M,white,nonhispanic,M,Irvine  California  US,110 Johns Wall Suite 79,Ben Lomond,California,Santa Cruz County,6087,95005,37.11559400865473,-122.08517820168393,144058.28,843187.80,432486
2b440c6c-29db-af6a-02a2-30a13411bf78,1983-05-15,,999-48-8318,S99939824,X26211855X,Mr.,Noah480,Micah422,Weber641,,,D,white,nonhispanic,M,Taft  California  US,611 Grant Trafficway,Torrance,California,Los Angeles County,6037,90503,33.866665157637456,-118.3666485453354,196376.42,831191.91,156762
8ca8f7ce-77b0-d11e-09cf-5d946ee0c801,1995-09-01,,999-21-7909,S99974805,X28708557X,Ms.,Shena75,Bea654,McGlynn426,,,S,white,nonhispanic,F,Jurupa Valley  California  US,682 Emmerich Estate,La Habra,California,Orange County,6059,92835,33.96687461178963,-117.97673557492169,134270.30,407533.31,47115
b29d5c39-026f-83b0-9e74-963143634b97,2001-11-13,,999-48-6275,S99985274,X7639840X,Mr.,Marc757,Jamie386,Batz141,,,,hawaiian,nonhispanic,M,San Diego  California  US,344 Waters Way,Twentynine Palms,California,San Bernardino County,6071,92277,34.24432010923632,-116.03035741456874,85801.84,0.00,80366
aeb6fd40-c0da-23a8-7b46-6c9fe558d7b2,2021-04-17,,999-22-1245,,,,María del Carmen27,Inés791,Garay400,,,,white,hispanic,F,Gaudalajara  Jalisco  MX,934 Schamberger Route,San Diego,California,San Diego County,6073,92134,32.67926556722606,-117.15965437755452,1350.00,27107.78,15181
6b060c17-b5af-82b5-0417-38644cf1fef5,1965-07-08,,999-32-3520,S99938083,X51271045X,Mr.,Joaquín233,Lucas404,Regalado83,,,S,black,hispanic,M,San Jose  San Jose  CR,129 Brakus Burg,Fontana,California,San Bernardino County,6071,91739,34.116345053968594,-117.49638373555412,351340.78,1201556.20,70549
fb00b97e-91b2-234e-4c91-09276b3d8366,2011-08-12,,999-48-1687,,,,Kristina583,Joi660,Pfeffer420,,,,white,nonhispanic,F,Fresno  California  US,862 Kris Gateway,Stockton,California,San Joaquin County,6077,95210,37.9838733296254,-121.28113360524533,2000.00,23228.18,11612
e5b40b82-031b-610f-787e-2a4242efcfea,2015-05-12,,999-80-5043,,,,Romaine793,,Brakus656,,,,white,nonhispanic,F,Sunnyvale  California  US,203 Ortiz Wall Suite 23,Mira Monte,California,Ventura County,,00000,34.4708253512207,-119.28930042645982,17590.21,11016.11,57181
54a6f9f9-8f70-4897-015c-3762e169e70f,2000-01-07,,999-85-7848,S99910725,X67872669X,Mr.,Jc393,Demarcus108,Leffler128,,,,white,nonhispanic,M,Seaside  California  US,246 Ondricka Glen,Los Angeles,California,Los Angeles County,6037,90016,34.08060741113242,-118.45898596700583,12518.56,829694.50,41602
4113255f-4e35-506a-ddef-4429caa17ffc,1961-06-20,,999-88-1434,S99967663,X67822441X,Mrs.,Rasheeda241,Mirian768,Trantow673,,Heaney114,D,white,nonhispanic,F,Boyes Hot Springs  California  US,946 Carroll Arcade Suite 20,Los Angeles,California,Los Angeles County,6037,90045,34.134192236551335,-118.49773037454298,908451.78,660685.43,45680
3237ddd9-55c0-a584-90cc-83b1d1ae39bf,2018-02-20,,999-31-2229,,,,Concepción765,María del Carmen27,Razo972,,,,asian,hispanic,F,Carolina  Puerto Rico  PR,187 Emmerich Parade,Parlier,California,Fresno County,6019,93648,36.64838436486959,-119.47132407985396,1650.00,19556.14,15648
801f9570-e398-cfde-9c80-2381c03ab30e,2022-02-22,,999-39-5076,,,,Ernest565,Rhett759,Gorczany269,,,,white,hispanic,M,Riverside  California  US,632 Batz Common Unit 53,Bakersfield,California,Kern County,6029,93314,35.33793292613571,-118.99945830334667,28367.01,0.00,69740
9ecb78eb-1783-f5e7-2527-05dcb17916d8,2005-06-20,,999-28-6335,S99943370,,Mr.,Ryan260,,Swaniawski813,,,,white,nonhispanic,M,San Jose  California  US,1068 Larkin Underpass Apt 68,Kingsburg,California,Fresno County,6107,93631,36.4976895206466,-119.52858882796411,3450.00,70958.61,11792
9cb5a91e-6d01-1996-6b45-a6ddd9b7076c,1996-04-13,,999-22-7778,S99985676,X61076919X,Mr.,Miguel Ángel46,José Emilio366,Robles531,,,M,white,hispanic,M,La Paz  Baja California  MX,1026 Huels Boulevard,San Diego,California,San Diego County,6073,92111,32.78112320195534,-117.19988692216377,70637.49,4320.62,969207
08b3d6d2-696d-0746-a0d3-c2a5d463f7ba,2001-02-11,,999-17-8313,S99973478,X53281305X,Ms.,Jenna662,,Turner526,,,,white,nonhispanic,F,San Francisco  California  US,835 Ondricka Haven Unit 91,Pasatiempo,California,Santa Cruz County,,00000,37.03736265577278,-122.01974680493464,130784.73,249542.40,923850
d172514a-6703-7f8e-b76d-a9ddc6e49a5b,2002-09-23,,999-24-9427,S99941019,X39824987X,Mr.,Adolfo777,,Jaskolski867,,,,white,nonhispanic,M,Alameda  California  US,327 Jerde Common Suite 22,Orange,California,Orange County,6059,92868,33.77433727732648,-117.97727470883032,8457.04,103757.22,29632
3c865c64-7112-8dc1-d3a4-a5a102bede45,2012-10-09,,999-65-8389,,,,Norman647,Gregg522,Christiansen251,,,,white,hispanic,M,Lynwood  California  US,1018 Gusikowski Trailer,San Bruno,California,San Mateo County,6081,94030,37.60512472483575,-122.36123525356365,40526.43,1180.38,125832
3cb00951-f5a6-8180-00d2-ae0322d2ea7d,1970-06-19,2017-12-21,999-42-7034,S99915192,X2744123X,Mr.,Colton403,Randall756,Gislason620,,,M,white,nonhispanic,M,Salinas  California  US,420 Kovacek Rue Suite 62,Bakersfield,California,Kern County,6029,93311,35.33671145887733,-119.05388389282035,20541.21,532600.32,5321
2ff5b5a6-d177-3b18-8e85-efa8aa817da5,1995-05-31,,999-57-6646,S99929318,X37260478X,Mr.,Neil122,Julio255,Littel644,,,M,white,hispanic,M,Newcastle  California  US,341 Price Landing Suite 26,Irvine,California,Orange County,6059,92630,33.67927016174437,-117.85205301609285,121660.76,37077.99,160644
33d477d9-1fe8-91c1-cba0-6bd8f8415e65,2010-06-23,,999-62-8911,,,,Jimmie93,Sterling124,Willms744,,,,white,nonhispanic,M,Los Angeles  California  US,246 Beahan Throughway Unit 79,Huntington Beach,California,Orange County,6059,92683,33.67303229191419,-117.9581282305483,56966.33,1621.91,807493
eb76c027-3233-acb1-fd9a-099047ca7cb4,1954-02-26,,999-44-9063,S99949176,X59008285X,Mr.,Arlie183,Thomas756,Yundt842,,,M,black,nonhispanic,M,Bayview  California  US,644 Reilly Bypass,Fair Oaks,California,Sacramento County,6067,95628,38.62628080485814,-121.25599748748017,325000.15,240332.79,68761
98b29475-c028-0a58-e08f-0cd93982a198,1991-10-28,,999-48-9706,S99955404,X63677087X,Mr.,Esteban536,César846,Cordero852,,,M,black,hispanic,M,Kingston  Kingston  JM,339 Durgan Course Apt 89,Hesperia,California,San Bernardino County,6071,92344,34.4278087833104,-117.1665487423323,9125.26,409138.59,15718
abc45bec-b36e-3f75-e1d9-8773646608f3,1969-03-01,,999-47-1555,S99910992,X50050905X,Mrs.,Marcela739,,Montenegro24,,Barela183,M,asian,hispanic,F,La Paz  Baja California  MX,486 Simonis Parade Suite 41,Sacramento,California,Sacramento County,6067,95864,38.63430882675248,-121.41006280967495,712709.75,523208.74,89243
aab91768-4ec3-4c91-e67f-31916a784409,2020-09-04,,999-59-5093,,,,Helena807,,Becker968,,,,white,nonhispanic,F,Los Angeles  California  US,293 Kihn View,Oakland,California,Alameda County,6001,94610,37.80363212586035,-122.21734936331164,5363.62,4281.40,55062
8196e80b-2dd7-6f13-8bd2-432e7b14e47b,1993-01-15,,999-85-2624,S99950526,X78092803X,Mr.,Rupert654,Jarrod316,Lebsack687,,,M,white,nonhispanic,M,Los Angeles  California  US,883 Jacobson Avenue Suite 98,Los Angeles,California,Los Angeles County,6037,91306,34.28805928938378,-118.56843589473367,4302.03,136310.30,4579
b5ee241c-8d9f-67a4-437a-5665fb026da3,1999-03-24,,999-75-5198,S99943077,X2364198X,Ms.,Chantelle310,,Kulas532,,,,white,nonhispanic,F,Orcutt  California  US,157 Walsh Highlands Suite 20,East Palo Alto,California,San Mateo County,6085,94303,37.50213389896496,-122.09603432351479,147423.76,184111.60,145751
36b04a95-4c30-db64-3e7a-1215ebdb5c33,2024-10-07,,999-65-3913,,,,Emilio417,Sancho742,Bahena335,,,,white,hispanic,M,Mexico City  Mexico City  MX,922 O'Connell Loaf,Poway,California,San Diego County,6073,92131,32.91525361214913,-117.09707757421671,1468.84,43.37,103562
9df4460a-2f66-2d07-de9e-0afaf84bb157,1972-10-20,,999-18-7495,S99964211,X49448671X,Mr.,Keven605,Jeff859,Daugherty69,,,S,white,hispanic,M,Toro Canyon  California  US,1041 Schuppe Vale,Avenal,California,Kings County,6031,93204,36.0444093987823,-120.0962778445222,171627.23,479000.13,3229
de064367-b981-212e-7640-35b1c6fc7b50,2010-10-17,,999-21-7544,,,,Tobias236,Moises22,Walsh511,,,,asian,nonhispanic,M,Madera  California  US,116 Hane Ville,Folsom,California,Sacramento County,6067,95742,38.67967271988977,-121.15950306255982,56284.44,2979.41,136638
47a09a92-ead2-b13a-c858-5adb5b8613ad,2005-03-29,2006-05-11,999-21-5081,,,,Randell912,,Murphy561,,,,white,nonhispanic,M,San Rafael  California  US,371 Considine Haven Suite 65,Walnut,California,Los Angeles County,6037,91768,34.09596389104403,-117.79272438693637,10919.87,14798.60,144968
d62238e5-917d-0df5-5c35-6aa5d13f17af,1960-08-16,,999-28-3434,S99912659,X15154159X,Mr.,José Eduardo181,Ricardo560,Méndez913,,,D,white,hispanic,M,Port-au-Prince  Haiti  HT,1046 Lueilwitz Ranch Unit 15,South Dos Palos,California,Merced County,6047,93665,36.930284366172096,-120.68868820611614,320055.36,562869.55,36487
4bfd1cb9-8984-249c-c37f-2353c74f66a6,2016-07-25,,999-68-2719,,,,Carmelo33,Wilber603,Stamm704,,,,white,nonhispanic,M,Lemon Hill  California  US,713 Roberts Tunnel Suite 55,San Diego,California,San Diego County,6073,92126,32.80275797027553,-117.19202448283845,34401.52,5577.60,165558
3fc45605-33b6-b9ad-6e8a-135b587c69ac,2005-03-29,,999-48-6120,S99950534,,Mr.,Antone63,Felipe97,Donnelly343,,,,white,nonhispanic,M,San Francisco  California  US,751 Cartwright Drive,Walnut,California,Los Angeles County,6037,91724,34.122671310262234,-117.80876259802,89669.01,11685.31,144968
ddfa516a-3f42-af6c-5779-548d6943e116,1987-11-14,,999-48-9374,S99968134,X42203799X,Mr.,Stanley702,Andres25,Terry864,,,S,asian,nonhispanic,M,Macau  Macao Special Administrative Region of the People's Republic of China  CN,230 Anderson Mill,Los Angeles,California,Los Angeles County,6037,90003,34.021704372831046,-118.45469244817012,134070.59,21371.42,61420
cf35b7f5-e324-fe91-7fa1-1f4c64f7bf0c,1970-06-19,,999-44-3956,S99962715,X40248335X,Mr.,Jordon466,Odis959,Pagac496,,,M,white,nonhispanic,M,Berkeley  California  US,520 Abernathy Walk Suite 45,Bakersfield,California,Kern County,6029,93309,35.249395778998384,-118.96016782256736,17685.91,317230.75,5321
2add8cb0-9ec4-15de-4e5b-e812509a5068,1970-04-20,,999-59-2264,S99929030,X50667321X,Mrs.,Barbara209,Leonor133,Negrete68,,Bañuelos542,M,white,hispanic,F,Bogota  Bogota  CO,434 Wisozk Road,Castro Valley,California,Alameda County,6001,94552,37.711444687458396,-122.05133058966452,306953.24,436382.10,162002
6099312c-bb96-dbc6-c51c-00ca66e0273a,1975-05-13,1979-07-01,999-25-2889,,,,Jarred626,Brock407,Gislason620,,,,white,nonhispanic,M,Anaheim  California  US,498 Dare Passage Apt 52,Long Beach,California,Los Angeles County,6037,90806,33.7486665395022,-118.16870391115918,5879.69,0.00,104753
7e1e93f8-2031-7073-b428-b300a71d0b5f,1943-11-01,1992-01-31,999-39-3058,S99984181,X47347031X,Mrs.,Kirsten270,Santana368,Langworth352,,O'Hara248,M,white,nonhispanic,F,Lafayette  California  US,576 Kuvalis Dale,Oceanside,California,San Diego County,6073,92010,33.34494083225661,-117.15949053820493,1577653.47,1478246.84,39885
780ec78c-22a0-fcdb-17c6-ae9b2fcace9c,1948-01-11,,999-23-8384,S99914337,X71781476X,Mrs.,Juliane376,Maryanna659,Hermiston71,,Boyle917,M,white,hispanic,F,Los Angeles  California  US,693 Williamson Lock Unit 73,Winton,California,Merced County,6047,95388,37.433948428026554,-120.55541433315304,1540204.52,240093.24,56549
cf5956bb-34f2-841b-2505-57b99991c377,1991-02-15,,999-36-9799,S99943938,X87511671X,Mrs.,Dagmar148,Krystal150,Hyatt152,,Hills818,M,white,nonhispanic,F,Paramount  California  US,592 Schinner Heights Suite 91,Redlands,California,San Bernardino County,6071,92399,34.02981406871675,-117.14437007132939,148817.95,337941.65,47402
0255e447-8975-9a0a-965f-75266aaa37f1,2002-04-02,,999-53-1358,S99960445,X15756675X,Ms.,Marcelene872,Brande998,Sporer811,,,,white,nonhispanic,F,San Diego  California  US,1074 Botsford Mall,Stanford,California,Santa Clara County,6085,94305,37.39695606318295,-122.14144640057826,6847.79,212789.70,5348
ca424f09-df70-f4a9-986f-8e11f4dd838b,1973-06-30,,999-24-6810,S99970180,X5632720X,Mr.,Cliff504,,Hahn503,,,D,white,nonhispanic,M,Sacramento  California  US,382 Nader Passage,Santa Ana,California,Orange County,6059,92705,33.694866350303236,-117.7980304198809,150794.87,17458.46,49151
6a638349-4d85-7671-110b-41c3347b1d97,1995-08-06,,999-31-9191,S99949231,X57459348X,Mrs.,Jesusita936,Davida245,Auer97,,Hahn503,M,asian,nonhispanic,F,Greenfield  California  US,427 McDermott Lock Apt 34,Sacramento,California,Sacramento County,6067,95838,38.51180410465625,-121.29358882116647,15085.34,1017221.64,78111
9997b8ce-f9ed-19b2-c67c-9e0ae75862a7,1973-12-29,,999-95-7186,S99943826,X19357899X,Mrs.,Marquitta546,Cathie710,Hamill307,,Medhurst46,M,white,hispanic,F,Montebello  California  US,963 Wunsch Gateway Unit 80,Quartz Hill,California,Los Angeles County,6037,93536,34.72729273488978,-118.40174211568998,647642.19,846872.95,41828
cf0317fa-538c-da95-fa7c-eb5466ede656,1990-10-06,,999-81-9986,S99925131,X41075105X,Mr.,Bo157,Reginald96,Armstrong51,,,M,white,hispanic,M,Loma Linda  California  US,728 Kuhlman Lane Suite 85,West Covina,California,Los Angeles County,6037,91724,34.03693073160944,-117.82840191047524,109274.39,87544.16,38991
509acf6b-ef54-fc75-32c0-3b542ba71495,1969-02-20,,999-20-3416,S99966381,X18906199X,Mr.,Francesco636,Charles364,Weber641,,,S,asian,nonhispanic,M,San Jose  California  US,765 Braun Lane,Fairfield,California,Solano County,6095,94585,38.25087581971887,-122.15339850753453,312410.10,48457.59,42555
a05f9d67-e117-04f6-f225-691fb7ba627f,1975-05-13,,999-48-3647,S99965250,X51141099X,Mr.,Russell422,,Parisian75,,,S,white,nonhispanic,M,Los Angeles  California  US,1014 Hane Ferry Apt 54,Long Beach,California,Los Angeles County,6037,90814,33.73930641411371,-118.25416019615746,167842.80,70148.02,104753
1430c5ce-aacb-45c3-6ffe-ff517a569541,1971-07-04,,999-72-8177,S99925226,X59195651X,Mr.,Clair921,Fermin479,Schuster709,,,M,hawaiian,nonhispanic,M,San Francisco  California  US,433 Goodwin Bay Apt 57,La Habra,California,Orange County,6059,92835,33.93253639900795,-117.92861381884279,370479.13,0.00,99709
ca286431-e75a-ccdb-f1bf-b3d1bf3e6ef1,1993-02-23,,999-98-9577,S99969921,X39830709X,Mrs.,Gilma310,Elisa944,Walker122,,Bogan287,M,white,hispanic,F,Victorville  California  US,1002 Schimmel Underpass Suite 83,Lancaster,California,Los Angeles County,6037,93536,34.6753529553044,-118.16565775273361,12252.67,717990.71,16805
0d03cc3c-5fc3-79bf-1e7c-982cff303066,1965-04-07,,999-72-6031,S99943593,X15665070X,Mr.,Chester802,,Harber290,,,D,asian,hispanic,M,Simi Valley  California  US,927 Johnson Rest Suite 12,West Puente Valley,California,Los Angeles County,,00000,34.058275773156105,-118.01615930075528,23816.09,433547.41,13758
03289eed-0508-c96b-e70a-5a16a5e89249,1955-12-06,,999-64-8670,S99973868,X82205866X,Mr.,Seth414,,Hintz995,MD,,D,white,nonhispanic,M,Benicia  California  US,457 Rodriguez Fork,San Jose,California,Santa Clara County,6085,95124,37.38197108031678,-121.94922874864895,317528.71,98480.78,100626
3a46995f-0d6d-db33-42b9-1582414dffef,2013-12-04,,999-42-2928,,,,Alvin56,Kristofer887,Rempel203,,,,black,nonhispanic,M,Fullerton  California  US,1051 Bergnaum Ramp,Poway,California,San Diego County,6073,92065,32.98535185105825,-117.05382286412079,21843.60,9768.84,63148
12328950-1a9d-3de8-714c-b4c5b29a3749,1976-10-05,,999-64-7246,S99982635,X69385105X,Mr.,Lyle846,,Armstrong51,,,M,black,nonhispanic,M,La Quinta  California  US,983 Prosacco Green,Wrightwood,California,San Bernardino County,6071,92397,34.34875580028693,-117.66976960639843,191284.82,39557.84,55571
99249ff1-59a9-dc6e-c152-4ca393cd57c5,2001-02-22,,999-22-2990,S99948253,X89501403X,Ms.,Emilia403,Adriana394,Villareal516,,,,white,hispanic,F,Mexico City  Mexico City  MX,530 Watsica Trafficway Suite 89,Lake Forest,California,Orange County,6059,92630,33.64011232738247,-117.60008163976944,5882.02,145959.60,10070
5b487563-d72d-1d1e-8964-fec6508febbd,1960-11-29,,999-11-1141,S99940051,X33392318X,Mr.,Miguel815,Felipe97,Jaimes535,,,D,native,hispanic,M,Santiago  Santiago Province  CL,462 Sanford Tunnel,San Fernando,California,Los Angeles County,6037,91340,34.35310350440488,-118.3363301129245,357636.66,115934.85,59789
da1f951e-ede3-bd47-4bf9-5838f5dbbb18,1975-10-02,,999-40-9672,S99920412,X53291323X,Mr.,Elias404,,Erdman779,,,D,asian,hispanic,M,Culver City  California  US,844 Sanford Crossroad,Santa Ana,California,Orange County,6059,92706,33.7993938327734,-117.87697212909401,231033.37,149463.61,105619
229a1e6d-1714-f0cd-8253-a8729632291e,1963-06-27,,999-53-4027,S99978614,X33158756X,Mr.,Rey54,Roman389,Treutel973,,,M,white,nonhispanic,M,Riverside  California  US,318 Pacocha Drive,Los Angeles,California,Los Angeles County,6037,90056,34.04212141895269,-118.45585242985203,172505.79,665223.77,38346
3b267b74-9efd-03ac-135b-402deff305ed,1953-02-22,,999-99-2048,S99924206,X48661368X,Mr.,Cory323,Columbus656,Hane680,,,D,white,hispanic,M,San Pablo  California  US,706 McClure Skyway Unit 14,Fresno,California,Fresno County,6019,93703,36.73882037783334,-119.72061143331909,637721.31,572842.08,47077
aff5855f-d411-2f08-57b6-025559937742,2017-04-18,,999-95-1784,,,,Chadwick722,Laurence43,Schmidt332,,,,white,hispanic,M,San Ramon  California  US,733 Kilback Promenade Apt 13,Corona,California,Riverside County,6065,92881,33.83568115069507,-117.56811463506254,1212.85,19901.77,26873
ed95baea-6b99-fbd8-5dde-6b6402221cfb,1963-10-26,,999-80-2914,S99927327,X85712742X,Mrs.,Clelia416,Vesta905,Green467,,Rodriguez71,M,white,nonhispanic,F,Livermore  California  US,132 Bergstrom Vista Suite 63,Yuba City,California,Sutter County,6101,95993,39.08138488690339,-121.67852413594122,287657.15,1053729.44,26040
8993a93d-d0a9-1d95-769e-c441747964e2,1977-03-26,,999-14-3212,S99981316,X58028851X,Mr.,Ivory697,,Kuhic920,,,S,white,nonhispanic,M,Oakland  California  US,570 Greenfelder Crossroad Apt 30,Long Beach,California,Los Angeles County,6037,90831,33.84102167320534,-118.21242898244667,122458.65,13024.55,79403
8d091ce8-ac29-a58d-a09a-50cf5aff34b6,1974-01-22,,999-52-2140,S99916602,X27966316X,Mrs.,Tabatha105,Kristeen693,Braun514,,Nolan344,M,hawaiian,nonhispanic,F,Corralitos  California  US,127 Hansen Terrace,Mission Viejo,California,Orange County,6059,92688,33.61401701529162,-117.72243827768516,493188.05,558058.14,63788
37da4ac9-e443-4af2-504f-1b791eaad28c,2001-09-16,,999-71-2929,S99956186,X6456917X,Ms.,Starr864,Sierra982,Ziemann98,,,,white,nonhispanic,F,Sacramento  California  US,995 Casper Promenade Unit 87,Costa Mesa,California,Orange County,6059,92660,33.655150461973406,-117.94519487451312,7334.99,403412.21,10984
f64ce1fe-1931-6641-1850-2fd3e263becf,2004-07-23,,999-22-5027,S99936126,X88455440X,Ms.,Gwen761,Stefany238,Lakin515,,,,white,hispanic,F,Long Beach  California  US,487 Yundt Grove Suite 50,Atherton,California,San Mateo County,6081,94027,37.41773340665849,-122.16018274235006,107578.25,965685.32,57145
1a187a7d-3945-64fc-0d85-05f702c921fd,1967-10-06,2017-06-20,999-26-2945,S99917223,X25782169X,Mr.,Drew592,Sammy219,Mosciski958,,,M,white,nonhispanic,M,San Diego  California  US,1054 Schamberger Bypass,El Cerrito,California,Contra Costa County,6065,92881,33.80187852670791,-117.50907649579868,543761.32,714362.49,44813
6be6dbc4-b4fa-be8d-bc6f-1439800193f2,1944-12-01,,999-15-1972,S99963662,X9528555X,Ms.,Elisa944,,Melgar516,,,S,asian,hispanic,F,Wesley  Saint Andrew Parish  DM,228 Osinski Ramp Unit 30,Santa Ana,California,Orange County,6059,92706,33.77838067963616,-117.87696246087879,77304.53,2942203.19,12959
e1023705-8bfa-838d-05e3-2616cc2ad182,1951-02-06,,999-92-6964,S99936213,X83900807X,Mr.,Leigh689,Lanny564,Stracke611,,,M,native,nonhispanic,M,Los Angeles  California  US,122 Marvin Ramp Apt 11,Irvine,California,Orange County,6059,92782,33.72511260765299,-117.76326251344157,343650.73,218001.83,101530
698647eb-1819-4f8e-8e30-fbac0c1fe8b3,2023-03-06,,999-68-7131,,,,Samella245,Otelia900,Von197,,,,white,hispanic,F,Los Gatos  California  US,1021 Robel Rest Unit 71,Modesto,California,Stanislaus County,6099,95368,37.683713403847776,-121.04780056127503,9149.98,0.00,108429
53c89079-86ea-04fa-d6c0-cfbb3adc2730,1986-11-29,,999-33-8573,S99990158,X34374811X,Mrs.,Birgit199,Odilia72,Heller342,,Beatty507,M,black,nonhispanic,F,Redding  California  US,193 Feeney Avenue Suite 94,San Pablo,California,Contra Costa County,6013,94806,37.87582573532511,-122.30001571467203,316800.71,243235.84,43871
6460927d-424b-296d-855f-19388be97347,2016-06-15,,999-87-9576,,,,Ming325,Vicenta966,Funk324,,,,white,hispanic,F,Los Angeles  California  US,716 Braun Vista,Rancho Cordova,California,Sacramento County,6067,95683,38.601188947605735,-121.2132105618037,17249.40,0.00,74184
19a45930-d27a-75e6-d956-fb3e1cb3cd54,1943-11-01,,999-44-1605,S99984989,X87295140X,Mrs.,Kasha638,,Glover433,,Littel644,M,white,nonhispanic,F,South San Francisco  California  US,903 Littel Promenade Suite 82,Oceanside,California,San Diego County,6073,92028,33.33154154978612,-117.21638261798509,974879.81,993484.48,39885
c3ef52d7-38ff-0793-9df2-8898983457ca,1990-05-14,,999-90-3485,S99994207,X34488155X,Mr.,Jeramy610,,Harvey63,,,M,black,nonhispanic,M,Ontario  California  US,151 Metz Wynd Apt 60,Los Angeles,California,Los Angeles County,6037,91607,34.27294739630418,-118.53119162656766,6874.72,126161.50,5695
c7136557-8f96-7c9b-edff-75829a5c3ec3,2013-05-12,,999-56-5740,,,,Beaulah36,Daisey627,Zemlak964,,,,white,nonhispanic,F,Sacramento  California  US,268 Feeney Stravenue,Newport Beach,California,Orange County,6059,92651,33.57783615258578,-117.83194238790287,1910.84,35439.33,10498
36911525-cfcd-2da7-430f-d06c5c64a092,2001-06-07,,999-93-6120,S99976926,X87683692X,Ms.,Stephani232,Willette878,Rempel203,,,,asian,nonhispanic,F,Fremont  California  US,624 Simonis Run Unit 15,Pittsburg,California,Contra Costa County,6013,94509,37.972808116903835,-121.95580534389543,4428.03,334470.82,7965
9149068a-3e2c-cafb-2afd-0d696db30ab4,1982-07-31,,999-93-7762,S99932689,X26068343X,Mr.,John539,Aron520,Wiegand701,,,M,asian,hispanic,M,San Gabriel  California  US,659 Daugherty Loaf Apt 5,Clovis,California,Fresno County,6019,93727,36.846082362727856,-119.66400666847125,156755.98,83452.74,269616
26827a07-38b2-0b35-461d-eeba026ffdac,1982-11-04,,999-77-6195,S99919614,X37458709X,Mrs.,Latoyia537,,Emard19,,Cronin387,D,asian,hispanic,F,Oceanside  California  US,913 Wisozk Gardens,Modesto,California,Stanislaus County,6099,95356,37.65303679495984,-121.08043070517208,436161.23,1435199.78,37695
59919746-ac2b-39c7-c49a-77834553de92,1976-06-13,,999-97-3270,S99962205,X68913608X,Mr.,Dewayne363,Mohamed943,Greenholt190,,,S,white,nonhispanic,M,Irvine  California  US,485 Romaguera Light,Fontana,California,San Bernardino County,6071,92336,34.10132113142203,-117.50227351623563,176059.43,35976.96,67810
e0b758ad-b2b3-8de6-ea86-e7cfb37eeaa4,1947-10-11,,999-90-9896,S99989543,X30418634X,Mrs.,Shandra823,Elly836,Feest103,,Parisian75,M,white,hispanic,F,San Francisco  California  US,355 Kulas Passage Apt 81,Hawthorne,California,Los Angeles County,6037,90260,33.92178301307071,-118.35700522799549,749739.06,839091.45,45097
325c01bd-a825-af1c-d37a-974b5708d049,1955-11-09,1972-01-05,999-76-9755,S99979528,,,Marnie892,,Beer512,,,,other,nonhispanic,F,Anaheim  California  US,240 Wilkinson Mission,National City,California,San Diego County,6073,91902,32.64336627158848,-117.08601889690891,37970.33,31606.59,85192
faa9061d-d7d8-dc62-a403-21ae2582ea52,1981-03-02,,999-86-5102,S99948546,X68893536X,Mrs.,Noelle559,Brittani427,Mohr916,,Halvorson124,M,asian,nonhispanic,F,Hollister  California  US,992 Williamson Knoll,Newark,California,Alameda County,6001,94560,37.490159303054035,-121.9938299145419,543980.64,372091.06,94761
7394e0cc-022d-dcc5-e7d8-1242995fbea9,1992-05-28,,999-34-5622,S99976513,X10828289X,Mr.,Andrés117,Claudio955,Amaya149,,,S,white,hispanic,M,Salisbury  Saint Joseph Parish  DM,1091 Marks Park,Corona,California,Riverside County,6065,92860,33.780102585175186,-117.54284713313356,114115.60,0.00,81722
c95878e5-9197-63b6-ae7f-7f8653b6a5c5,1987-08-26,,999-38-5629,S99938843,X128457X,Mr.,Bret7,Rich940,Steuber698,,,M,white,hispanic,M,Valley Center  California  US,580 Orn Run,Los Angeles,California,Los Angeles County,6037,90013,34.14491779819386,-118.46696478017093,59252.53,72964.06,43424
2f455cf4-be82-4361-a433-2550dce67539,2006-09-19,,999-43-6179,S99918445,,Ms.,Antonia30,Leonor133,Armenta418,,,,asian,hispanic,F,Puebla  Puebla  MX,476 Goodwin Fork,Sunnyvale,California,Santa Clara County,6085,95002,37.35443270438231,-122.00926458807093,41224.71,66869.47,643831
6565486a-566f-2324-edfc-60f86785bd31,1961-08-03,,999-74-9874,S99963746,X74453742X,Mrs.,Corrie32,,Lesch175,,Pfeffer420,D,white,nonhispanic,F,Bakersfield  California  US,617 Gutkowski Hollow,San Diego,California,San Diego County,6073,92101,32.58563135569286,-116.89961025281751,351574.63,1144546.40,134977
034bb81a-7163-f365-8d05-97ca4a90879e,1967-10-06,,999-12-8461,S99982470,X31869892X,Mr.,Ty725,Omer483,Mraz590,,,D,white,nonhispanic,M,Santa Ana  California  US,659 Koepp Key,El Cerrito,California,Contra Costa County,6065,92881,37.92297489234244,-122.30591448162316,152495.66,201599.54,44813
8c93a315-1f27-8f07-50a3-130b32d1aeee,2006-06-08,,999-74-7931,S99914826,,Ms.,Daniela614,Rebeca548,Avilés474,,,,other,hispanic,F,Caracas  Capital District  VE,342 Weimann Divide,Twentynine Palms,California,San Bernardino County,6071,92278,34.21446275518972,-115.61958322739054,99729.98,183097.65,48334
f06ce2d2-3e0a-b9e4-70dc-eda8c83697ac,2023-08-10,,999-87-6932,,,,Margaretta466,Ciera654,Swift555,,,,white,nonhispanic,F,West Covina  California  US,635 Fritsch Parade,Oakland,California,Alameda County,6001,94608,37.75726615339469,-122.23805719685883,5565.69,3201.73,445451
5ad1c62a-ade8-708d-f1eb-8feee0aaf050,1953-06-21,1959-06-14,999-79-5034,,,,Larry532,Logan497,Beier427,,,,white,nonhispanic,M,Thermalito  California  US,1068 Rau Corner,Redlands,California,San Bernardino County,6071,92399,34.081295205434266,-117.26096967284711,19878.78,8232.27,176754
c0fae4e0-7d98-df7d-ffe6-bf68100cf5cc,2004-09-19,,999-87-1989,S99910067,X67210289X,Ms.,Caroyln232,India495,Doyle959,,,,white,nonhispanic,F,Anderson  California  US,447 McGlynn Row,National City,California,San Diego County,6073,91950,32.69446337113065,-116.9934270422111,45164.44,78306.64,86226
c3796943-be73-3642-0041-83be27e3f082,1976-09-26,,999-21-5497,S99910384,X13630394X,Mr.,Ricardo560,Octavio643,Vélez150,,,W,asian,hispanic,M,Ponce  Puerto Rico  PR,313 West Corner Apt 43,San Jose,California,Santa Clara County,6085,95130,37.349061979972674,-121.77303806536007,178801.96,900822.37,944274
73fec505-96f7-a834-8c8e-fa206fc00df4,1958-12-23,,999-72-5928,S99942910,X24761550X,Mrs.,Johnny786,,Ferry570,,Pfannerstill264,D,white,nonhispanic,F,San Diego  California  US,888 Marvin Fort Apt 5,Los Angeles,California,Los Angeles County,6037,91602,34.05418615348057,-118.25930224127461,157853.94,1033631.63,25119
ef72326d-684e-4775-aeb6-40a08a63fe04,1997-05-18,,999-96-7131,S99962697,X44175792X,Mr.,Vance413,Rico947,Gislason620,,,,white,nonhispanic,M,San Jose  California  US,173 Conn Mews,Berkeley,California,Alameda County,6001,94705,37.841699773974774,-122.34383679094356,4814.89,130735.40,5560
eb4b67ca-a02e-8e5f-b9b4-a8a88545d6f9,1959-04-02,,999-32-2894,S99914665,X16193177X,Mr.,Ignacio928,Norbert530,Cummings51,,,M,hawaiian,nonhispanic,M,Palo Alto  California  US,1056 Koch Haven,Fremont,California,Alameda County,6001,94536,37.50442009226206,-121.97170776466724,283394.94,211880.00,160355
03baab01-6a0f-a17d-5fc5-d15b058bb20c,2012-06-25,,999-73-1960,,,,Dannie881,Kareem959,Bosco882,,,,black,nonhispanic,M,Moraga  California  US,784 McGlynn Parade Unit 8,Los Angeles,California,Los Angeles County,6037,90402,34.02694804010572,-118.28195001871023,2294.29,51393.94,14619
91c0bec5-5982-b179-be40-de7e9e26ec38,2003-09-26,,999-53-4159,S99954031,X44212984X,Mr.,Leroy603,,Cartwright189,,,,asian,nonhispanic,M,Los Angeles  California  US,236 Hand Arcade Unit 51,San Francisco,California,San Francisco County,6075,94115,37.83143827378691,-122.42296040107887,5710.58,85366.96,6088
c4046233-ec75-e2bf-4f3d-4ce6626c02da,2007-08-09,,999-80-3558,S99999462,,,Ramiro608,,Vásquez905,,,,white,hispanic,M,San Juan  Puerto Rico  PR,779 Morar Approach,San Dimas,California,Los Angeles County,6037,91773,34.134711490134514,-117.76939515358882,45687.74,10030.12,52508
fe88120b-9a72-acc9-5ffa-bcc20f3dbd9a,1992-06-12,,999-58-7314,S99910197,X17943687X,Mrs.,Valeria950,Charline650,Torp761,,Kling921,M,white,nonhispanic,F,Los Angeles  California  US,453 Champlin Center Suite 44,Bostonia,California,San Diego County,,00000,32.8090880704429,-116.96395743610451,473352.55,1606952.00,65988
54d82315-a6f5-92ae-1190-ae7f88f3cc43,2003-07-07,,999-72-6868,S99957565,X14432999X,Mr.,Chi716,Byron202,Kling921,,,,white,nonhispanic,M,Menifee  California  US,161 Dietrich Haven Unit 93,Santa Ana,California,Orange County,6059,92705,33.68676334268588,-117.8709868325621,55961.72,14215.40,77459
9bb7b857-5bed-93c8-b07c-0838c0e53f23,1956-07-23,2008-09-18,999-50-2758,S99918445,X82080710X,Mr.,Waldo53,Jed345,Kiehn525,,,M,white,nonhispanic,M,Norwalk  California  US,459 Keebler Crossing Unit 91,Lincoln,California,Placer County,6061,95650,38.7753710110045,-121.20962469352192,135544.75,12111.93,195711
de08cf25-7377-62b2-5167-abb0553932a9,1989-01-07,,999-97-6726,S99912384,X18466536X,Mr.,Joesph309,Jeromy156,McClure239,,,M,white,nonhispanic,M,Vallejo  California  US,343 Blanda Glen,Gilroy,California,Santa Clara County,6085,95020,37.041148142080765,-121.5949725963194,165755.34,64739.22,88700
7d76ca3e-8ed5-31c1-8ea2-003c379bbe9f,2003-05-18,,999-12-2319,S99978341,X21650490X,Mr.,Hal307,Jackie93,Hettinger594,,,,white,hispanic,M,Costa Mesa  California  US,135 Mraz Frontage road Unit 2,Los Angeles,California,Los Angeles County,6037,91364,34.1770180027192,-118.55634949085784,4200.00,111568.79,3970
0f77e3b6-f35c-375d-1b0e-1b21eea9f7a8,1992-03-12,,999-82-1756,S99974715,X56124127X,Mrs.,Christia477,,Padberg411,,Kilback373,M,white,nonhispanic,F,Huntington Beach  California  US,1019 Christiansen Fork Apt 22,Fontana,California,San Bernardino County,6071,91739,34.10359558082884,-117.48884578320903,146228.52,183544.44,138269
67773be8-22f0-b24a-04af-37d8b015124a,1983-06-17,2008-10-03,999-18-9191,S99970879,X62080476X,Ms.,Ema785,Michelle423,Langosh790,,,,white,hispanic,F,Manteca  California  US,970 Larkin Dam Suite 25,Banning,California,Riverside County,6065,92220,33.97275547256847,-117.0291551256257,11537.89,757221.22,6839
579aa155-23b5-f2d4-e42a-72a80bd13df2,1955-11-09,,999-43-2136,S99936644,X13121215X,Mrs.,Kimi714,Kimber624,Dickens475,,Klocko335,M,other,nonhispanic,F,National City  California  US,1076 Pollich Ranch,National City,California,San Diego County,6073,92139,32.71333889485074,-117.05708039997312,1418658.71,226460.10,85192
d6cf05d4-cf6b-1ecc-d176-396e53f23827,1969-11-24,,999-76-2111,S99961369,X13564214X,Mr.,Salvatore257,Nathaniel596,Nienow652,,,S,white,hispanic,M,Palm Springs  California  US,821 Wunsch Trail Apt 68,Yorba Linda,California,Orange County,6059,92870,33.85384056813205,-117.75236622561133,154269.50,40051.75,123979
ff7afb45-4baf-dd51-c412-d32be71f1be6,1961-10-25,2001-05-27,999-41-9169,S99985244,X59187902X,Mrs.,Delois358,Avril120,Breitenberg711,,Kutch271,D,hawaiian,nonhispanic,F,Modesto  California  US,298 Cruickshank Knoll Apt 84,La Mesa,California,San Diego County,6073,91942,32.76062500482606,-117.02146799769764,316266.27,1116931.76,51002
e0081639-a626-faa8-f227-6942381a6526,1968-11-19,,999-36-5135,S99996528,X86930197X,Mrs.,Rosamond509,Camie739,Hilpert278,,Jast432,M,white,nonhispanic,F,Chino Hills  California  US,724 Pacocha Rapid,San Diego,California,San Diego County,6073,91911,32.77454086984198,-117.13620659519307,15505.41,1152542.39,23180
cdcdd708-5b8e-28e1-6f6b-ed786009f7a2,1991-08-20,,999-75-4917,S99981061,X59603549X,Mrs.,Yolanda648,Carolina179,Urías338,,Acosta403,M,white,hispanic,F,Caguas  Puerto Rico  PR,712 Labadie Extension Apt 6,Los Angeles,California,Los Angeles County,6037,90402,34.172388705827736,-118.40725812299542,253989.23,811179.80,141795
8b2f60fb-85d9-610f-02b6-1c521b30c897,1983-08-22,,999-27-4549,S99950983,X7812476X,Mr.,Boyd728,Jimmy858,Bartoletti50,,,M,black,nonhispanic,M,Hayward  California  US,195 Fahey Ferry,Agoura Hills,California,Los Angeles County,6037,91301,34.16470411306713,-118.76495160298924,143621.40,20188.08,155847
441536fd-9913-a743-8c28-4ba46bf4b2b8,2008-01-10,,999-89-1602,S99948413,,,Savanna736,Kathryne752,Halvorson124,,,,white,nonhispanic,F,Buena Park  California  US,773 Bergnaum Wall,Los Osos,California,San Luis Obispo County,6079,93402,35.299534148297816,-120.81239119290589,77678.84,0.00,60397
822322de-2d45-46e6-7f2c-abe2a6760ead,2011-04-18,,999-24-8945,,,,Kassandra256,Maisha241,Renner328,,,,asian,nonhispanic,F,San Bernardino  California  US,713 Herzog Byway Apt 35,Los Angeles,California,Los Angeles County,6037,91344,34.02496529193722,-118.32803698019302,1950.00,43958.58,5309
e0117ea0-b6fb-7e40-33af-458ee3ba00c7,1970-02-12,1994-03-20,999-36-6411,S99996648,X64279828X,Ms.,Valda518,Imelda608,Connelly992,,,,black,hispanic,F,San Diego  California  US,863 Nicolas Well Unit 1,Union City,California,Alameda County,6001,94544,37.58049440693432,-122.02387104904433,12270.14,606564.92,2129
1bdd9473-b77f-610a-1dcb-03081a80a9ca,1956-07-23,,999-12-7942,S99982240,X67667929X,Mr.,Jayson808,Ronnie7,Krajcik437,,,S,white,nonhispanic,M,Upland  California  US,175 Daniel Vista Unit 48,Lincoln,California,Placer County,6061,95648,37.96230124534928,-121.31831902718613,183277.53,46566.20,195711
91f01def-aab1-5a81-7b92-d7660a5248f8,1990-01-15,,999-55-6123,S99989752,X2706849X,Mrs.,Mercedes82,,Arce139,,Toro760,D,white,hispanic,F,Marigot  Saint Andrew Parish  DM,354 Breitenberg Port Unit 85,Pasadena,California,Los Angeles County,6037,90042,34.10887079720246,-118.12329938094828,87518.15,1115300.13,31336
9f23872b-9e3a-b3d2-1cab-0a3efe3db08b,1939-11-25,2004-01-17,999-47-6039,S99995735,X60984910X,Mr.,Armando772,Andrés117,González124,,,D,white,hispanic,M,Caracas  Capital District  VE,958 Feil Mission Unit 21,Los Angeles,California,Los Angeles County,6037,90810,34.06490853194103,-118.28451113238171,135538.07,588093.70,24937
57da9e7c-5852-84ce-715e-0f28ceaeb675,1986-04-24,,999-14-7904,S99925922,X37530661X,Mr.,Stan246,Kelley882,Jones311,,,M,white,nonhispanic,M,Lake Forest  California  US,573 Dietrich Spur,Alum Rock,California,Santa Clara County,,00000,37.35981643876584,-121.82311044318168,118307.28,12259.62,50364
3feca0e5-f75f-0d2b-078b-68de08481aeb,2022-10-09,,999-39-4493,,,,Ana Luisa894,Ramona980,Leiva147,,,,asian,hispanic,F,Portsmouth  Saint John Parish  DM,231 Rolfson Way Apt 55,Fresno,California,Fresno County,6019,93701,36.78145876266459,-119.76318708614772,9329.77,769.44,68201
09c675aa-d3cc-1d3d-f25a-6f400cb323bb,1972-06-05,,999-27-1934,S99928993,X20480534X,Mr.,Orval846,Alfred550,Paucek755,PhD,,M,white,hispanic,M,Chula Vista  California  US,706 Johns Boulevard Apt 29,Lancaster,California,Los Angeles County,6037,93536,34.70804939950266,-118.1488994400664,62786.03,99956.09,23527
f4317c8c-f417-a01c-685c-a94a0f20dfbd,2003-11-06,,999-31-7417,S99921372,X14417761X,Mr.,Williams176,Jean712,Borer986,,,,white,nonhispanic,M,Los Angeles  California  US,619 Swaniawski Drive Apt 25,San Luis Obispo,California,San Luis Obispo County,6079,93405,35.31578211185358,-120.72872441390935,6505.61,105777.04,35840
2a76c0e3-1e73-2109-3d5e-8a8871fe35d7,1957-01-24,2020-09-19,999-20-5991,S99967549,X20392133X,Mr.,Clemente531,Óscar156,Villa94,,,M,white,hispanic,M,Santo Domingo  National District  DO,1070 Stroman Annex,Santa Maria,California,Santa Barbara County,6083,93454,34.876726142990975,-120.36790715056,124432.44,1028568.47,35491
12134bae-6b95-bc14-0f22-a10377dd2366,2020-04-08,,999-37-4067,,,,Louise871,Lorine399,Stoltenberg489,,,,native,nonhispanic,F,East Los Angeles  California  US,984 Klocko Rue Unit 59,Los Angeles,California,Los Angeles County,6037,90008,34.13746707765506,-118.25727891287245,10663.53,59.57,101094
bfd62a79-b0f7-f674-3359-99324800a1e6,1947-10-16,,999-54-2840,S99939197,X50174738X,Mr.,Eliseo499,Tory770,Metz686,,,M,white,nonhispanic,M,Rohnert Park  California  US,1040 Reichert Loaf Apt 69,Los Angeles,California,Los Angeles County,6037,90006,34.27860508962264,-118.46847225392425,360586.58,173970.72,47006
c2a8c983-78fe-d3e8-3a74-aa9f75deadd3,2014-12-31,,999-16-8538,,,,Tina856,Yevette778,Grimes165,,,,white,nonhispanic,F,Orange  California  US,637 Hyatt Lodge Apt 7,Walnut Creek,California,Contra Costa County,6013,94521,37.99219407961781,-122.0020468965485,26539.04,13264.79,62945
4983d0f8-2ff7-7ef5-3a19-fa31b703cbef,1983-06-17,,999-51-4701,S99949449,X40949206X,Mrs.,Barbra486,,Senger904,,VonRueden376,M,white,hispanic,F,Oxnard  California  US,646 Turcotte Loaf Suite 17,Banning,California,Riverside County,6065,92230,33.882871012654995,-116.74539404107453,24245.50,1926530.57,6839
16199a64-4f51-23e9-8103-d992fff334fc,1996-07-15,,999-48-6934,S99993476,X55248430X,Mr.,Tyler508,Winston220,McCullough561,,,S,white,nonhispanic,M,Los Angeles  California  US,1017 Ziemann Bypass Suite 30,Los Angeles,California,Los Angeles County,6037,90744,34.032297139540226,-118.25533142390323,45868.17,62880.26,42433
c7d20b38-bc9c-a496-8ed1-6cfbb0fe367c,1970-02-12,1992-09-10,999-36-2580,S99921563,X35708694X,Ms.,Mayola305,,Beatty507,,,,black,hispanic,F,Camanche Village  California  US,146 Bergnaum Approach,Union City,California,Alameda County,6001,94544,37.74016316351682,-121.97185250076342,6850.00,134223.70,2129
d73011ee-6eba-1bf8-e989-d6fba3c8f6f5,1961-10-25,,999-57-1773,S99996743,X157179X,Mrs.,Denyse846,Maybelle917,Conn188,,Lockman863,M,hawaiian,nonhispanic,F,South San Gabriel  California  US,276 Wyman Port,La Mesa,California,San Diego County,6073,92020,32.794659209445705,-116.99609464828866,583157.16,148044.54,51002
91ea2609-141e-d705-a0a7-c8951c533bf0,1992-10-20,,999-23-3950,S99965097,X11476534X,Mrs.,Valencia279,Erica194,Turner526,,Bosco882,M,white,hispanic,F,Fresno  California  US,554 Howe Vista Suite 49,Stockton,California,San Joaquin County,6077,95215,37.95463943840927,-121.3285873905196,63447.28,313412.06,34652
ce8c4cf8-22be-72ad-fb4c-34598e3eb9be,1953-06-21,2003-03-31,999-66-2259,S99952303,X7134308X,Mr.,Rudolph554,Kendall673,Nienow652,,,M,white,nonhispanic,M,Murrieta  California  US,278 Zemlak Lock Suite 46,Redlands,California,San Bernardino County,6071,92373,34.14542086434258,-117.21902551502129,199674.91,319794.41,176754
248088a3-908b-0581-f9fa-fdebfb99c902,2007-11-26,,999-93-6947,S99988938,,,Víctor493,Juan88,Ruelas156,,,,hawaiian,hispanic,M,Portsmouth  Saint John Parish  DM,221 Stoltenberg Forge Unit 88,Salinas,California,Monterey County,6053,93901,36.642573074333,-121.57039820203312,4405.64,248303.67,11637
12686b8b-4889-a6b8-0df5-2a8655c6f671,1980-06-15,,999-61-2683,S99965652,X22309377X,Mr.,Alvin56,Eduardo902,Ebert178,,,S,hawaiian,nonhispanic,M,Santa Clara  California  US,171 Robel Arcade,Concord,California,Contra Costa County,6013,94519,37.94430087670877,-122.09839648388564,169818.66,35249.88,127186
7621c614-a87a-29c1-2e8f-9b644af66048,1988-06-13,,999-97-2725,S99965325,X42627042X,Ms.,Michal596,Maude482,Yost751,,,S,white,hispanic,F,Pleasanton  California  US,857 Gibson Meadow Apt 72,Orinda,California,Contra Costa County,6013,94556,37.86603116469411,-122.22969779587056,302178.85,787307.69,627784
e6f4c961-e65e-a608-4939-1f86e6a512c1,2015-02-06,,999-28-2435,,,,Kristy290,Minna389,Jacobi462,,,,white,nonhispanic,F,Camp Pendleton North  California  US,896 Cormier Bay Unit 24,San Diego,California,San Diego County,6073,92105,32.747656659281475,-117.23086127503329,43294.30,0.00,88090
ee9436b0-a383-569b-843b-849756bc0c8a,1967-10-01,2017-12-07,999-37-4010,S99923811,X17095134X,Mr.,Elliott563,,Hayes766,,,M,black,hispanic,M,Santa Cruz  California  US,677 Brown Station Apt 82,Beaumont,California,Riverside County,6065,92583,33.99791221922226,-117.01407985831811,16214.05,445329.49,13056
4ac5c130-39da-d13d-0f36-72093c8c0911,1970-02-12,,999-30-6858,S99974598,X59565058X,Ms.,Nobuko304,Merrie964,Cruickshank494,,,S,black,hispanic,F,Carmel Valley Village  California  US,314 Roberts Track,Union City,California,Alameda County,6001,94552,37.70364812296098,-122.00068670551872,10522.93,495240.95,2129
d806cd52-b1e5-aa45-44b2-f0e05341bc8d,1957-05-25,,999-41-7687,S99928933,X42562641X,Ms.,María José279,,Angulo494,,,S,white,hispanic,F,Kingston  Kingston  JM,213 Tremblay Byway,Oxnard,California,Ventura County,6111,93001,34.09904537417382,-119.12590804871503,426143.86,903445.64,139706
688332cb-e92c-9679-825f-1d1e58a167ed,1977-04-10,,999-12-8684,S99943979,X82559078X,Mr.,Buford910,Malcom15,Ernser583,,,M,white,nonhispanic,M,Los Angeles  California  US,929 Mueller Harbor,Monrovia,California,Los Angeles County,6037,91016,34.183500973288105,-117.95657406220475,516096.38,411412.58,67371
24f4d2f1-b4ef-0654-25a3-bdce21e7ceef,2003-11-26,,999-66-2084,S99969022,X86577581X,Ms.,Eryn994,Kimbra238,Nader710,,,,white,nonhispanic,F,La Mesa  California  US,686 Beatty Avenue,Claremont,California,Los Angeles County,6037,91750,34.151678436505094,-117.67230385983834,130964.69,967107.82,547869
285fb32b-958b-0d92-086d-f0ff2c4c3c68,1984-01-11,,999-34-8834,S99999822,X78371783X,Mrs.,Le457,Fredricka415,Daniel959,,Nolan344,M,white,hispanic,F,Campbell  California  US,773 Vandervort Boulevard Apt 4,Downey,California,Los Angeles County,6037,90650,33.995384681995496,-118.10360637660612,288069.08,336549.53,113424
6e8dcc9a-29d4-f8e2-436e-9646506ce0d7,2014-05-08,,999-46-4419,,,,Cora299,Roselia779,Bernhard322,,,,white,nonhispanic,F,Pasadena  California  US,819 White Station,Santa Rosa,California,Sonoma County,6097,95409,38.43719322801901,-122.66598417171203,41090.83,4937.78,89530
e2e3dcc1-8faf-62e6-2e8a-98358611c9e2,1957-01-24,2013-06-08,999-41-1402,S99946126,X59798160X,Mr.,Andrés117,Armando772,Frías523,,,M,white,hispanic,M,Port-au-Prince  Haiti  HT,170 Swift Bridge Unit 14,Santa Maria,California,Santa Barbara County,6083,93454,34.88875142705734,-120.35841844245581,100286.68,124229.94,35491
bf68d2dc-8d81-9e4e-5ade-ca8ca1b2492a,1939-11-25,2002-01-20,999-46-9996,S99986859,X48218092X,Mr.,Sancho742,Miguel Ángel46,Heredia716,,,D,white,hispanic,M,Caracas  Capital District  VE,909 Bosco Mall Apt 44,Los Angeles,California,Los Angeles County,6037,90042,34.01766677114181,-118.41779494326266,108019.13,422787.87,24937
ef8df187-dc9d-6835-3b16-393b9344eb04,1973-05-17,,999-73-2451,S99921153,X58322573X,Mrs.,Brittaney358,Tatum703,MacGyver246,,Robel940,M,white,hispanic,F,Rancho Cordova  California  US,1094 Green Rue,Colton,California,San Bernardino County,6071,92316,34.02559988367936,-117.40492134117589,22431.30,1486649.00,21162
b3982cd2-f1ec-d97c-848c-a019a07bff69,1975-02-12,,999-59-9188,S99958263,X64793684X,Mrs.,Karl184,Cherlyn665,Hane680,,Hartmann983,M,white,nonhispanic,F,Long Beach  California  US,252 Tremblay Terrace Unit 68,Lathrop,California,San Joaquin County,6077,95231,37.81028431618418,-121.33053315539571,405916.40,585567.23,55442
1022284b-d87f-f7da-2d5e-d760d6d38555,1992-05-25,,999-80-7483,S99964165,X56060846X,Mrs.,Rosalva540,Latosha740,Keeling57,,Bosco882,M,asian,nonhispanic,F,Vista  California  US,1026 Fahey Glen Unit 71,Romoland,California,Riverside County,6065,92585,33.76696636344307,-117.17391298630756,165646.71,269548.04,192800
55878203-8cb2-9d44-13c5-5d6cae7d8191,2008-05-20,,999-33-7707,S99976000,,,Werner409,Jacques50,Mann644,,,,white,nonhispanic,M,San Diego  California  US,953 Gerhold Lane,San Bruno,California,San Mateo County,6081,94066,37.60225962439949,-122.42174997149029,36363.36,55208.79,315770
469b5740-2d94-fc2f-5ef1-3eec6e06a705,2020-01-01,,999-40-9578,,,,Korey682,Deangelo7,Lemke654,,,,white,nonhispanic,M,Salinas  California  US,291 Wyman Mission Suite 66,El Rio,California,Ventura County,,00000,34.2766998734894,-119.10928811060431,19161.34,12315.98,77251
4d7fb757-cfc7-a12c-3746-b3ba218719ef,1977-03-23,,999-95-9073,S99987356,X56989262X,Mrs.,Heike726,Francie486,Rogahn59,,Kemmer137,M,white,nonhispanic,F,Los Angeles  California  US,194 Ortiz Village,Chula Vista,California,San Diego County,6073,91911,32.603039853831575,-116.97806027267099,348727.23,711846.48,151865
05012248-c763-6e3b-c877-20ea28d15e9f,1953-06-21,,999-50-4921,S99917401,X10148267X,Mr.,Darwin703,Spencer878,Grady603,,,M,white,nonhispanic,M,Los Angeles  California  US,216 Brakus Vale Suite 41,Redlands,California,San Bernardino County,6071,92359,34.02205355203606,-117.1413569624811,224601.79,156296.32,176754
df004bcc-be49-20d7-80df-9a87218d4c7f,1983-10-24,,999-49-1690,S99932396,X51604171X,Mrs.,Diana207,Olivia294,Ríos175,,Gamboa193,M,asian,hispanic,F,Ponce  Puerto Rico  PR,920 Nicolas Vale,El Monte,California,Los Angeles County,6037,91733,34.04155364193199,-118.07282818566377,101820.42,468473.41,32874
4bd60f2c-f933-b5d2-3dc2-a6ce29d83b37,1934-06-22,2024-06-26,999-46-8718,S99992613,X76087235X,Mrs.,Isabel214,Andree11,Hessel84,,Dach178,D,other,hispanic,F,San Diego  California  US,977 Krajcik Boulevard Unit 62,Port Hueneme,California,Ventura County,6111,93041,34.12582672617418,-119.15774173110276,873516.13,1181183.93,104935
03770d04-938a-91b0-b8b5-0b92f71795fb,1979-06-23,,999-19-4126,S99934038,X24214947X,Mrs.,Laura391,Tempie784,Hermann103,,Lubowitz58,M,white,hispanic,F,Adelanto  California  US,284 Runolfsdottir Branch Apt 38,Franklin,California,Merced County,,00000,38.39981643803949,-121.49112086739272,17516.85,1690621.33,21532
056ded2d-827e-1cf1-199c-5561d7884437,1919-02-18,2003-03-21,999-64-4653,S99939947,X58921377X,Mrs.,Cherise743,Elodia940,McDermott739,,Kessler503,M,white,nonhispanic,F,Corona  California  US,576 Wolff Divide Suite 39,Lancaster,California,Los Angeles County,6037,93536,34.65334029072397,-118.22873066180448,25884.58,1811126.65,11123
9b92d751-0db0-1cb6-eb34-f8ca664fa95c,1957-01-24,,999-37-1474,S99968670,X48450775X,Mr.,Rafael239,Lorenzo669,Miranda712,,,M,white,hispanic,M,Puebla  Puebla  MX,1090 Pfannerstill Viaduct,Santa Maria,California,Santa Barbara County,6083,93454,34.921622959061516,-120.46711300259483,216581.31,103661.42,35491
8ed08efa-a8c8-e8d7-9791-4911b2a9d3b4,2003-10-14,,999-24-9275,S99933549,X59369077X,Ms.,Leeann571,Glenda787,Bosco882,,,,white,nonhispanic,F,Oxnard  California  US,1059 Sanford Wynd Suite 91,Los Angeles,California,Los Angeles County,6037,90069,34.03808914164534,-118.52461610310107,12231.98,99684.92,24474
a2ab8d3d-3707-4f3f-9350-4fd82218d750,1994-11-23,,999-56-2929,S99953637,X77297789X,Mr.,Waylon572,,Baumbach677,,,M,white,hispanic,M,San Jose  California  US,977 Batz Center Suite 60,Anaheim,California,Orange County,6059,92808,33.87853668156953,-117.80873986544323,19201.24,1076597.50,25065
8638eb91-3d03-45da-6e59-2fed20eeec8a,1995-06-05,,999-56-5180,S99974870,X84142873X,Mr.,Ramiro608,,Bañuelos542,,,M,white,hispanic,M,Roseau  Saint George  DM,606 Ebert Lodge,South Pasadena,California,Los Angeles County,6037,91030,34.15552125126624,-118.16593059488957,22025.01,83274.82,41588
f18adfcb-6269-9780-2bab-c00d93369ce2,1961-08-26,,999-35-2255,S99960386,X848079X,Mr.,Roland928,Hai304,Weissnat378,,,M,white,nonhispanic,M,Pomona  California  US,300 Kutch Brook,Vista,California,San Diego County,6073,92056,33.11581703773441,-117.24072955415825,39063.72,993361.22,9737
14bae5da-5392-dc93-3e22-19fb678d5b34,1950-06-27,2018-04-07,999-64-1584,S99962546,X53403815X,Mr.,Tim88,Frederick289,Borer986,,,M,white,nonhispanic,M,Los Angeles  California  US,704 Macejkovic Lock Apt 45,Watsonville,California,Santa Cruz County,6087,95076,36.92662776332649,-121.78402104014455,124671.88,196409.43,23720
2d493137-40b1-4032-246e-c8e4f2f28dbd,2011-09-18,,999-76-2739,,,,Roberto515,Carlos172,Rocha983,,,,white,hispanic,M,Bayamon  Puerto Rico  PR,879 Purdy Haven,Manteca,California,San Joaquin County,6077,95330,37.78757962715079,-121.17462498908274,10750.44,485133.72,174922
699d8767-d40c-29f9-fd9a-e995c274f614,1965-10-03,,999-95-4513,S99989721,X78111718X,Mr.,Timothy142,,Jast432,,,S,white,nonhispanic,M,Los Gatos  California  US,697 Stiedemann Neck,San Mateo,California,San Mateo County,6081,94403,37.47394308999672,-122.19186493048909,243641.96,880114.08,148049
7a324faf-de17-7b76-8f05-beb4b7348ddc,1939-11-25,,999-31-8668,S99947051,X38550630X,Mr.,Patricio639,,Díaz674,,,W,white,hispanic,M,Tegucigalpa  Francisco Morazán  HN,598 Littel Mall,Los Angeles,California,Los Angeles County,6037,91402,34.12017577193136,-118.14775981514642,149193.01,464522.79,24937
fad88ba7-7fd5-539b-594e-ddd10d69d70a,1988-04-23,,999-51-3476,S99910953,X18769534X,Mrs.,Hang682,Apryl870,Ankunding277,,Botsford977,M,white,hispanic,F,Watsonville  California  US,330 McClure Village Suite 26,Victorville,California,San Bernardino County,6071,92301,34.55020806232568,-117.1441766244936,248182.04,579804.25,63679
bc32ca33-1074-db53-33a3-94e6a6762ff1,1976-05-26,,999-70-1785,S99944281,X59809114X,Mr.,Dana512,Antoine384,Kreiger457,,,M,white,nonhispanic,M,Long Beach  California  US,445 Reinger Highlands Apt 16,San Luis Obispo,California,San Luis Obispo County,6079,93401,35.2336077816225,-120.65562087782632,209830.17,49729.41,134891
92053b9f-875a-fe89-1b55-f7a91485d670,1943-09-19,2016-05-06,999-38-7124,S99981194,X80205651X,Mr.,José Emilio366,Miguel Ángel46,Rodarte647,,,S,asian,hispanic,M,Tegucigalpa  Francisco Morazán  HN,807 Tromp Common Apt 84,Garden Grove,California,Orange County,6059,92706,33.79609086357614,-117.96387649457435,66176.36,1419163.58,22422
5a9d98df-4309-437e-c91f-6d45126e6101,1995-05-12,,999-13-8671,S99963208,X74890224X,Mr.,Timothy142,Dave764,Beatty507,,,M,native,nonhispanic,M,Riverside  California  US,655 Romaguera Throughway,Salinas,California,Monterey County,6053,93901,36.79116192747616,-121.66117667351331,23070.01,73408.35,39363
4ab782de-7c15-9907-2801-576460e0db1f,1992-07-04,,999-10-1380,S99957474,X39414532X,Mr.,Markus389,Randell912,Gusikowski974,,,M,asian,nonhispanic,M,Rosemead  California  US,1044 Lockman Trafficway,Lodi,California,San Joaquin County,6077,95242,38.15815893306173,-121.25042972680437,549622.50,425717.90,60417
a89bf1cb-e014-0243-c671-7df0230da865,1964-11-11,,999-99-3765,S99992671,X34580867X,Mrs.,Dale454,Octavia629,Kuhic920,,Wunsch504,M,white,hispanic,F,Baldwin Park  California  US,199 Hodkiewicz Annex Apt 1,La Puente,California,Los Angeles County,6037,91746,34.07508956782685,-118.01967030270728,18132.71,913328.53,2800
8d46f76d-f9b6-b78b-5c37-217ba316d073,1990-09-20,,999-83-4391,S99985667,X29868524X,Mr.,Marion502,Johnny786,O'Keefe54,,,M,asian,hispanic,M,Nipomo  California  US,103 Hackett Common,Monrovia,California,Los Angeles County,6037,91016,34.10146246397717,-118.0008044013661,200739.80,83427.86,89897
fb41ef7b-d9f3-8c00-542e-9e14f15c6334,2021-12-20,,999-73-4077,,,,Del587,Erin498,Torp761,,,,black,nonhispanic,M,Glendale  California  US,826 Howell Dale Unit 57,Monterey Park,California,Los Angeles County,6037,91754,34.0179002944752,-118.11303620191653,7695.85,0.00,112751
c70a0b85-2cb0-a2d0-4cb4-7bbd6880f486,1950-06-27,2019-12-18,999-37-3927,S99929598,X5910193X,Mr.,Harry448,Edmund685,Yost751,,,M,white,nonhispanic,M,Anaheim  California  US,953 Witting Loaf,Watsonville,California,Santa Cruz County,6087,95019,36.99336024983761,-121.76762435899145,213205.99,316347.60,23720
51e68d81-0170-2a66-1d73-1df6f423a631,1990-08-26,,999-18-5210,S99935014,X15336773X,Mr.,Humberto482,Deandre599,Carroll471,,,M,asian,nonhispanic,M,Hong Kong  Hong Kong Special Administrative Region  CN,114 Gutmann Ramp,San Diego,California,San Diego County,6073,92135,32.70939589677942,-117.09016241175647,109515.77,18309.72,63569
49960a5b-c811-a6d9-f799-2dcb0f104cbb,1997-03-29,,999-44-2172,S99996044,X32970800X,Mr.,Otis335,,Denesik803,,,,white,nonhispanic,M,Alturas  California  US,1018 Towne Union,San Francisco,California,San Francisco County,6075,94118,37.82321423516239,-122.41437960856231,7494.34,111396.32,18552
36680140-2888-d4f7-7d40-2fd72f925159,2014-04-18,,999-22-9399,,,,Gonzalo160,,Madrigal893,,,,white,hispanic,M,Caguas  Puerto Rico  PR,447 Marks Port Unit 87,Hacienda Heights,California,Los Angeles County,6037,91745,33.97704112542532,-117.93166897232007,34179.39,4845.70,81804
c502f43d-b21a-ea2b-19c3-369c4fcbb313,1941-08-09,,999-93-4720,S99991500,X73127676X,Mr.,Herschel574,Wilson960,Bernhard322,,,D,asian,nonhispanic,M,Union City  California  US,460 Bergstrom Spur Apt 11,Pacifica,California,San Mateo County,6081,94044,37.627551943775075,-122.44871153411746,162995.00,291127.18,43220
699c2f48-dd7a-197d-b40a-3cb88c6826ff,1954-01-31,,999-65-8911,S99969255,X23472677X,Mr.,Abraham100,Raleigh478,Reynolds644,,,S,white,nonhispanic,M,Murrieta  California  US,1016 Hintz Well Apt 77,Chico,California,Butte County,6007,95973,39.78944436968767,-121.82037008025557,230796.69,584459.97,32419
6788a152-b927-e077-630a-e70dac7e7cff,2013-12-05,,999-43-3772,,,,Ping698,Dong972,Predovic534,,,,other,nonhispanic,F,Norco  California  US,1091 Hodkiewicz Park Unit 23,Bell,California,Los Angeles County,6037,90270,34.01622007742765,-118.14597995681102,1800.00,35235.19,8445
ac24b5ec-8a7c-3413-9f5d-f52b9d7fc260,2000-05-02,,999-10-4279,S99925411,X20402351X,Ms.,Miriam769,,Prosacco716,,,,white,nonhispanic,F,Los Angeles  California  US,226 Lind Run Unit 69,Covina,California,Los Angeles County,6037,91722,34.06265091385323,-117.8785494129095,7300.00,370285.14,21342
0005a479-d128-178d-4aac-fefe1b0cc77e,1940-06-30,2016-04-22,999-53-5785,S99992951,X43699022X,Mrs.,Elene949,Fran41,Pouros728,,Casper496,M,white,nonhispanic,F,Glendale  California  US,283 Eichmann Crossroad Unit 71,San Lorenzo,California,Alameda County,6001,94580,37.636091380688114,-122.16782793065207,303826.70,582396.63,133753
606fadb4-d517-218c-c66f-d22f86a25e46,1998-02-10,,999-25-6891,S99921302,X12965549X,Mr.,Marc757,Jonas187,Greenholt190,,,,white,nonhispanic,M,Rancho Cordova  California  US,625 Lemke Hollow Suite 28,Alameda,California,Alameda County,6001,94501,37.7420965145803,-122.24024971459028,102730.24,20657.03,135782
d3708c95-0d01-6d67-7722-7a87c3cc0d22,1943-09-19,2022-09-15,999-60-2373,S99994271,X49543730X,Mr.,Jesús825,Nicolás801,Alonso270,,,S,asian,hispanic,M,Santiago de los Caballeros  Santiago  DO,1065 O'Connell Green,Garden Grove,California,Orange County,6059,92804,33.74972140780206,-117.85145937728974,17599.35,521754.01,22422
a59cec27-c3dc-2b88-ac1a-70a162a6919e,1962-05-26,2019-05-23,999-65-7168,S99986484,X68086821X,Mr.,Eldridge510,Tory770,Murray856,,,S,white,nonhispanic,M,Temecula  California  US,446 Windler Meadow Suite 75,Milpitas,California,Santa Clara County,6085,95035,37.452541354812936,-121.82989339381366,118059.77,772089.38,789989
b82f9d04-14b4-943b-b40c-c635da1e3c9b,2020-04-21,,999-98-6626,,,,Lionel365,Fredric73,Towne435,,,,asian,hispanic,M,Anaheim  California  US,678 Hickle Green,Fountain Valley,California,Orange County,6059,92704,33.67538240197691,-117.96839345257033,10467.85,0.00,132571
03f7e81e-1d9a-7851-a5e3-1609b7ab5a41,1943-09-19,1951-02-17,999-83-5337,,,,Daniel959,Gilberto712,Arenas932,,,,asian,hispanic,M,Juarez  Chihuahua  MX,1011 Brakus Mission,Garden Grove,California,Orange County,6059,92703,33.77783331499856,-117.98303331720898,2600.00,20553.40,22422
b00823c6-6df8-491d-5898-7dbca685293f,1961-05-24,,999-22-2714,S99966793,X84199164X,Mrs.,Adah626,Lavina533,Goyette777,,Pagac496,M,asian,nonhispanic,F,Modesto  California  US,269 MacGyver Park,Santa Fe Springs,California,Los Angeles County,6037,90650,33.982694413839525,-118.02210261512805,407846.07,877540.22,148624
f0ba99fe-226d-b4be-8f97-467faa563ab7,1950-06-27,,999-41-1796,S99952437,X43178368X,Mr.,Arturo47,Teodoro374,Braun514,,,D,white,nonhispanic,M,Turlock  California  US,1073 Kohler Mill Unit 71,Watsonville,California,Santa Cruz County,6087,95076,36.91874824869515,-121.82120646747578,198520.29,341753.26,23720
2e1010a4-bf9d-dddc-4d07-d60816ab1a85,1958-12-20,,999-53-2375,S99970724,X30001255X,Mr.,Jude172,Bryce11,Kuphal363,,,S,asian,hispanic,M,Napa  California  US,536 Kirlin Green Suite 21,Costa Mesa,California,Orange County,6059,92627,33.67241604185073,-118.01214191336668,140697.94,293419.32,33615
5c5adcd5-286c-6804-7f0e-189322f7f25a,2014-03-02,,999-72-5292,,,,Joie561,Vivienne78,Lowe577,,,,white,nonhispanic,F,South Whittier  California  US,403 Funk Orchard,Moreno Valley,California,Riverside County,6065,92571,33.89660006367488,-117.28734433709275,20650.29,23977.14,78418
1444bcdc-2ada-aebf-41dd-85f12d852bc1,1955-10-24,,999-77-7747,S99973695,X60286767X,Mr.,Pedro316,Armando772,Arroyo916,,,M,white,hispanic,M,Ponce  Puerto Rico  PR,109 Reinger Rue Apt 96,Los Angeles,California,Los Angeles County,6037,91316,34.08001065644878,-118.53154278480173,15013.47,541019.63,5828
84a99edf-73d8-c61a-2187-eb88362b15cb,1966-11-08,1975-03-19,999-74-1296,,,,Dusty207,Kelly223,West559,,,,asian,nonhispanic,M,Cantho  Cần Thơ  VN,1050 Stamm Annex Suite 80,San Diego,California,San Diego County,6073,92139,32.78264413728206,-117.04742686156719,93599.70,20393.03,106258
d40278a6-d0a6-d2fe-ce06-77c7f1342ee0,2017-01-12,,999-56-8020,,,,Bibi254,Christena299,Cremin516,,,,white,nonhispanic,F,Chula Vista  California  US,154 Medhurst Branch Apt 23,San Diego,California,San Diego County,6073,92107,32.82411284279722,-117.06332511549829,12311.55,11400.11,88958
6775a61c-479c-6554-e3da-e38a503fa646,1955-11-27,,999-54-5388,S99981786,X84349312X,Mrs.,Charmain607,Gabriele201,Tromp100,,Rempel203,M,white,nonhispanic,F,San Diego  California  US,759 Reichel Key Unit 52,Camarillo,California,Ventura County,6111,93010,34.228080512806386,-119.0432761018094,232634.95,1166304.66,28274
12b66f6f-89ce-866e-208b-473d814a7f6c,1970-11-19,,999-96-4554,S99999160,X49076306X,Ms.,Shanice479,Lara964,Buckridge80,,,S,white,nonhispanic,F,Los Angeles  California  US,234 Kuhic Key Unit 5,Redwood City,California,San Mateo County,6081,94061,37.44864586740222,-122.24811569397312,329040.82,684791.52,334421
67abade3-d58e-9cdf-acd1-822b390137c4,1950-12-06,,999-46-2644,S99936590,X78756031X,Mr.,Wm806,William805,Williamson769,,,D,white,hispanic,M,Rialto  California  US,547 Cummerata Gate Apt 86,Oakdale,California,Stanislaus County,6099,95361,37.73916241069343,-120.79891035495041,28519.31,1190520.00,7325
2e735e2a-a004-2386-4701-58cd8114769b,2003-05-22,,999-33-3679,S99924617,X43695856X,Mr.,Jaime666,Santiago500,Acuña179,,,,white,hispanic,M,Gaudalajara  Jalisco  MX,227 Schuster Lock Apt 46,San Diego,California,San Diego County,6073,92102,32.73992731790935,-117.20425673523812,93904.79,932538.22,58318
e3515198-93bd-7da0-ba21-3dd7b89ec595,1988-11-21,,999-77-7366,S99988117,X29752143X,Mr.,Ross213,,Romaguera67,,,M,asian,nonhispanic,M,Davis  California  US,138 Nolan Light Unit 19,Baldwin Park,California,Los Angeles County,6037,91746,34.05496776890428,-117.99788169173486,111480.68,0.00,85291
65cbc9b6-7783-acde-d89c-7ae5a995ebbb,1962-05-26,2020-09-12,999-37-3873,S99914003,X75236294X,Mr.,Marcos263,,Schuppe920,,,M,white,nonhispanic,M,Los Angeles  California  US,528 Tremblay Viaduct,Milpitas,California,Santa Clara County,6085,95035,37.473326090656876,-121.85731985822635,68632.06,284492.12,789989
17b9311b-16f9-f252-6897-3ce2d331c17c,1940-06-30,,999-83-7133,S99956784,X77202784X,Ms.,Veronique514,Elise948,Jaskolski867,,,S,white,nonhispanic,F,Daly City  California  US,713 Kub Station,San Lorenzo,California,Alameda County,6001,94580,37.69773997419335,-122.14715556839064,475565.66,1819479.41,133753
4732cd0b-4a2f-47ae-9429-4145ff60b008,2008-05-12,,999-20-1156,S99978257,,,Shanell37,,Rosenbaum794,,,,white,nonhispanic,F,Elk Grove  California  US,740 Von Hollow Unit 72,Fresno,California,Fresno County,6019,93725,36.791403999370665,-119.74006076664686,46501.57,7490.43,101558
7fa9081c-5504-0ab8-ad8f-1f082be183bb,1943-09-19,2018-06-28,999-47-2311,S99993588,X27609871X,Mr.,David908,Mario764,Luevano912,,,S,asian,hispanic,M,Tegucigalpa  Francisco Morazán  HN,349 Lehner Underpass,Garden Grove,California,Orange County,6059,92703,33.71853196605406,-117.95239111299678,80129.63,1403468.59,22422
2b283224-3047-1486-e2fa-f7044e5ab67e,1962-02-10,,999-18-2672,S99984051,X30728210X,Mr.,Lemuel304,,Swaniawski813,,,M,white,nonhispanic,M,Santa Ana  California  US,416 Thompson Track Apt 50,San Diego,California,San Diego County,6073,92147,32.72756698106024,-117.04140097346941,518221.06,757666.05,107301
7b2250a4-6962-94df-a37c-503ed823c14f,2017-08-05,,999-40-5836,,,,Alise864,Lavada531,Streich926,,,,white,nonhispanic,F,San Jose  California  US,669 Howell Wynd,Fremont,California,Alameda County,6001,94539,37.504577207419345,-121.9515748305394,34063.75,16284.11,609983
37ee4f0b-9f2d-7e3f-1924-7cd25c527e4a,2015-02-02,,999-74-1810,,,,Charles364,Jerry654,Runolfsdottir785,,,,white,nonhispanic,M,Santa Ana  California  US,537 Yundt Orchard,Hanford,California,Kings County,6031,93230,36.28346095807674,-119.63499051788916,32999.75,3820.70,57844
a3a7e16c-0aab-14bf-1632-38bc2e3b0dc1,1942-08-27,,999-74-9447,S99976509,X20265055X,Mrs.,Tessa832,Aurora248,Hahn503,,Sawayn19,W,white,hispanic,F,Bell  California  US,167 MacGyver Path,El Cajon,California,San Diego County,6073,92071,32.81994344271993,-116.99646672937496,31373.49,2063158.69,13342
5a4beb2a-3577-ad82-30e2-75e84f771d67,2023-06-16,,999-11-1522,,,,Sylvester827,Harley673,Goyette777,,,,white,nonhispanic,M,Lake Mathews  California  US,740 Jacobson Byway Apt 81,Santa Monica,California,Los Angeles County,6037,90403,34.01677801794956,-118.52383535551893,750.00,10666.06,28543
a77dc2c4-1903-3022-f550-30aead28adbc,1974-07-15,,999-16-3178,S99993934,X69414488X,Mrs.,Elia719,,Parisian75,,Turcotte120,D,white,nonhispanic,F,La Habra  California  US,594 Bernhard Pathway,Menlo Park,California,San Mateo County,6085,94303,37.343249932370824,-122.25829539689751,580733.66,1608264.18,36252
5cece4b9-84ff-8956-e136-6bb9c585f44d,1966-11-08,,999-72-9745,S99966850,X84105485X,Mr.,Elliott563,Christian753,Rutherford999,,,M,asian,nonhispanic,M,Ho Chi Minh City  Gia Định  VN,846 Pfeffer Parade,San Diego,California,San Diego County,6073,92131,32.80902616882327,-117.16253708944521,335457.62,146814.30,106258
1341f1a5-5222-3fc9-ad96-2e1cabcde1ef,1919-02-18,,999-17-5430,S99948306,X26632062X,Mrs.,Traci329,Sandra485,Batz141,,Goldner995,M,white,nonhispanic,F,Clovis  California  US,1084 Gleason View Unit 38,Lancaster,California,Los Angeles County,6037,93536,34.676384985825095,-117.84680138235896,90747.51,3275103.57,11123
ece07915-ca98-a718-aa7b-e4076106d57a,1967-10-01,2015-09-28,999-36-7700,S99928824,X40162653X,Mr.,Octavio643,Morgan564,Olson653,,,M,black,hispanic,M,East Los Angeles  California  US,115 Bins Vista,Beaumont,California,Riverside County,6065,92223,33.98727396995411,-117.01466833192805,61007.42,1381916.05,13056
8358e275-a599-57ea-e683-b550190e872e,2017-12-01,,999-32-1184,,,,Ambrose149,Darren774,Leffler128,,,,white,hispanic,M,Clovis  California  US,340 O'Reilly Ferry,La Crescenta-Montrose,California,Los Angeles County,,00000,34.2079237675238,-118.2539299265713,20183.38,148.52,120270
a21f0adc-3e99-5141-6392-ee19a831599c,1943-09-19,2000-06-29,999-40-7682,S99960607,X64626890X,Mr.,Carlos172,Miguel Ángel46,Valenzuela371,,,M,asian,hispanic,M,Bayamon  Puerto Rico  PR,913 Morissette Orchard Apt 56,Garden Grove,California,Orange County,6059,92845,33.77321826025401,-118.00204267726014,30011.27,699954.50,22422
3d5c86f6-ca53-62dd-5b26-29431e683e7d,1962-05-26,,999-91-3226,S99989293,X4306015X,Mr.,Lowell343,Ed239,Friesen796,,,M,white,nonhispanic,M,Oakland  California  US,599 Kerluke Manor,Milpitas,California,Santa Clara County,6085,95035,37.40536448833939,-121.89903377028406,172855.96,73243.44,789989
16100f10-b180-80d8-7293-192b331e1a4c,1985-05-12,,999-52-7328,S99977124,X25116812X,Mrs.,Mireille557,,Donnelly343,,Bogan287,D,white,nonhispanic,F,West Hollywood  California  US,1012 Beatty Landing,Santee,California,San Diego County,6073,92020,32.847809731831155,-116.82953196906843,11421.91,516595.22,17652
cb3abe97-f213-c860-f03f-8273dadf4f57,2011-06-24,,999-16-9168,,,,Glen190,Chi716,Hagenes547,,,,white,nonhispanic,M,Sacramento  California  US,1057 Heathcote Knoll Unit 65,San Diego,California,San Diego County,6073,92147,32.905209313021864,-117.18702169754687,39536.14,43866.52,45920
7aefc7b2-707a-c73f-09dc-85f109c7e6d1,2002-05-05,,999-30-9453,S99911408,X86591442X,Mr.,Gregg522,Colby655,Spencer878,,,,white,nonhispanic,M,Long Beach  California  US,805 Nikolaus Trace Suite 58,Corona,California,Riverside County,6065,92880,33.77348523201245,-117.46145840557232,317820.83,721488.34,52455
62a832c5-d56d-f57d-c07f-446a80de1330,1998-10-28,,999-51-2741,S99994264,X21977903X,Mr.,Terrance440,Ezra452,Cummings51,,,,asian,nonhispanic,M,Tustin  California  US,883 Bednar Bridge Unit 93,Brentwood,California,Contra Costa County,6013,94513,37.927314997291134,-121.7087899532274,56676.50,104087.82,592860
c4ce558c-5a4a-0949-601a-523c3b045e56,2010-09-04,,999-47-7995,,,,Claudia969,Sara501,Rodarte647,,,,white,hispanic,F,Caracas  Capital District  VE,736 Bradtke Harbor,Los Angeles,California,Los Angeles County,6037,90068,34.076036180735876,-118.33540988039377,10282.73,415188.63,49057
dd7b82c0-817d-8285-9b5b-d997c6b13fe3,1941-09-21,,999-79-1675,S99928560,X50948277X,Mrs.,Andrea7,Lorena247,Mireles421,,Guajardo157,M,white,hispanic,F,Port-au-Prince  Haiti  HT,872 Botsford Track,Lancaster,California,Los Angeles County,6037,93551,34.78639098574084,-118.41487709549797,19611.64,1413426.29,21960
917ab922-ccf7-7849-a879-d42d4df326e4,1984-06-15,,999-65-2405,S99940620,X34703340X,Mr.,Ramiro608,Armando772,Armendáriz135,,,M,white,hispanic,M,Tegucigalpa  Francisco Morazán  HN,466 Paucek Throughway Apt 92,Durham,California,Butte County,6007,95938,39.56884539526752,-121.78921675249724,106839.22,2044.13,99195
d144213e-9033-7d9a-5d55-e5cdc8018bdf,1998-08-12,,999-35-9791,S99923784,X27909421X,Mr.,Werner409,Von197,Armstrong51,,,,white,hispanic,M,Fullerton  California  US,723 Eichmann Brook Apt 75,Rowland Heights,California,Los Angeles County,6037,91748,33.95516761872059,-117.9353976411452,19687.87,479154.95,24574
ff4cbbd6-e159-7dd2-bd13-225e92920aa9,1998-02-20,,999-44-5178,S99984734,X83657740X,Mr.,Rey54,Markus389,Wehner319,,,,white,hispanic,M,San Diego  California  US,1071 Christiansen Lane Unit 98,Winton,California,Merced County,6047,95388,37.460899074439936,-120.58990574405458,109717.43,884424.90,59379
4241e7cb-ab7c-57e2-a443-b01f6b86cbdd,1957-04-15,,999-75-7938,S99941719,X19244092X,Mrs.,Reina25,Francisca486,Guerrero997,,Rael318,M,white,hispanic,F,Santiago  Santiago Province  CL,806 Pollich Bridge,Jurupa Valley,California,Riverside County,6065,92509,34.02418169614027,-117.4533495547553,403396.28,800769.97,147891
6c52c774-934f-40d1-5637-858f2b873f0f,1987-09-03,,999-70-2909,S99998129,X39643081X,Ms.,Ester635,Ana María762,Jiménez568,,,S,native,hispanic,F,Wesley  Saint Andrew Parish  DM,977 Bruen Haven,Rialto,California,San Bernardino County,6065,92509,34.048027066194145,-117.41269708592421,273330.29,591311.92,28110
c9be63bc-33dd-15fd-5e04-177e9518637d,2008-06-05,,999-97-7015,S99961530,,,Ophelia894,Dannielle300,Greenholt190,,,,white,nonhispanic,F,Lompoc  California  US,460 Beier Brook,Benicia,California,Solano County,6095,94591,38.125182109733124,-122.11093464504071,78738.49,12440.72,117837
3a245cb0-77c7-1e23-7d0a-3dadd56c574b,1963-09-01,,999-75-6686,S99923386,X34029525X,Mr.,Victor265,,Jast432,,,W,black,nonhispanic,M,Jurupa Valley  California  US,965 Price Mall,Alhambra,California,Los Angeles County,6037,91801,34.15376489931937,-118.11813195901358,199140.15,673619.05,28079
0e458987-b418-917f-9a6b-21183c8e3f66,2014-12-03,,999-68-1890,,,,Roslyn469,Arnita817,Renner328,,,,white,hispanic,F,Norco  California  US,928 Prosacco Skyway,Tulare,California,Tulare County,6107,93274,36.176184620819775,-119.3675163342587,1600.00,30267.71,2816
4f067e02-3079-9044-3d62-68100f53939c,1946-04-11,2023-06-26,999-26-3858,S99975382,X24305429X,Mrs.,Isabel214,,Montoya249,,Montez99,M,black,hispanic,F,Wesley  Saint Andrew Parish  DM,300 Cummerata Throughway Apt 7,Victorville,California,San Bernardino County,6071,92395,34.74364692944985,-117.67555439919623,1286529.88,619497.60,93556
1fea71f0-e849-703b-1ca4-284c3f20e3af,2011-02-17,,999-24-9362,,,,Aron520,Anthony633,Skiles927,,,,asian,nonhispanic,M,Incheon  Incheon  KR,179 Monahan Path,Santa Ana,California,Orange County,6059,92606,33.83443666673718,-117.85601875934924,4700.00,482712.20,16629
a8e0ed3e-b413-baa2-b428-ec52e0ab2ace,2012-03-27,,999-94-5202,,,,Janiece99,Nicolle442,Ledner144,,,,black,nonhispanic,F,Irvine  California  US,288 Schulist Run Unit 25,Stockton,California,San Joaquin County,6077,95209,37.915978473331265,-121.25597721986479,7851.51,136397.53,770
690cb699-1595-0342-0327-d8b73969660c,2005-05-18,,999-33-7210,S99911255,,Mr.,Valentine262,Darron84,Stamm704,,,,white,nonhispanic,M,Moreno Valley  California  US,972 Schmeler Promenade,Los Angeles,California,Los Angeles County,6037,91608,34.044820020182485,-118.41705292940783,7363.57,879304.07,13213
354ec06c-de9d-bd30-d66a-003dddc1ccb8,1949-08-24,2018-06-20,999-44-7591,S99910836,X15995968X,Mr.,Rocco842,Dario75,Hilll811,,,S,white,nonhispanic,M,Bellflower  California  US,372 Dooley Station Suite 58,Desert Hot Springs,California,Riverside County,6065,92240,33.94915214957188,-116.69882443796611,208481.48,890283.03,23467
b7f77169-73d0-1b2b-3a9a-cd61c3a055e4,2019-12-09,,999-65-8719,,,,Ana Luisa894,Carmen818,Soria950,,,,asian,hispanic,F,Marigot  Saint Andrew Parish  DM,805 Schuster Vista Suite 44,Long Beach,California,Los Angeles County,6037,90713,33.78538660358491,-118.20680074388365,950.00,22441.70,32282
5ad9f80a-4574-acaf-ec7e-a82651493c5a,1961-05-11,,999-29-1770,S99947126,X41112452X,Mr.,Vicente970,Lucas404,Hurtado459,,,W,white,hispanic,M,Santiago de los Caballeros  Santiago  DO,117 Labadie Lane Suite 12,Los Angeles,California,Los Angeles County,6037,90232,33.91798795688238,-118.22990204088374,299959.81,746770.80,121921
f8e1d06c-32a9-c265-0730-fa4649680942,1996-09-10,,999-76-5088,S99963237,X61785223X,Ms.,Bethany501,Hildegard72,Reinger292,,,S,white,nonhispanic,F,Los Angeles  California  US,777 Ritchie Green Apt 61,Montebello,California,Los Angeles County,6037,90022,34.06700078151979,-118.16658288983078,10427.96,421465.66,19020
5b7d7806-2f55-1bbd-b135-7757f7f866fd,2011-05-17,,999-50-1047,,,,Riley817,Rich940,Prosacco716,,,,white,nonhispanic,M,Elk Grove  California  US,333 Rutherford Terrace,Torrance,California,Los Angeles County,6037,90247,33.84721090721105,-118.28622781598865,56475.00,22361.09,127701
c48b9753-b40c-4b47-b7bd-8012807b1d21,2009-09-24,,999-81-5263,,,,Billye739,Venita81,Tremblay80,,,,white,nonhispanic,F,Santa Paula  California  US,651 Murazik Bypass Apt 98,San Jose,California,Santa Clara County,6085,95117,37.29080452170217,-121.8532084422854,48463.92,8782.64,398585
13073d58-70e9-71d8-738d-47e3eaee180f,1967-10-01,2023-08-23,999-25-6446,S99960541,X60005030X,Mr.,Benton624,Ollie731,Barrows492,,,W,black,hispanic,M,Bakersfield  California  US,524 Shields Key,Beaumont,California,Riverside County,6065,92320,33.90211916833651,-116.96723701781757,24928.57,1339490.09,13056
3f17104b-9e71-9b54-a839-cb6082c90baa,2017-05-26,,999-80-7158,,,,José Luis472,Ramiro608,Mejía318,,,,white,hispanic,M,Wesley  Saint Andrew Parish  DM,296 Schultz Trace Apt 28,San Diego,California,San Diego County,6073,92110,32.814254639537026,-117.0121785898025,24219.93,2882.75,136215
90924dc2-d870-0e14-927c-c86db46293ec,1987-01-06,,999-73-1878,S99946533,X49711743X,Mr.,Leandro563,Benny518,Waters156,,,M,white,nonhispanic,M,Cypress  California  US,995 Murray Flat Unit 5,Orange Cove,California,Fresno County,6019,93646,36.69298532000531,-119.31304576381541,7193.44,137941.16,22938
eb625b63-88fa-786c-93aa-7263d3247774,1989-07-16,2021-05-04,999-56-2429,S99921325,X86106481X,Mr.,José Luis472,Hernán834,Carrero892,,,M,white,hispanic,M,Puebla  Puebla  MX,636 Bernier Mews Suite 29,Oxnard,California,Ventura County,6111,93030,34.24444062726139,-119.1336272088859,11288.13,583842.39,22793
121245d3-a0c6-3806-1570-9866f53424e9,1961-10-28,,999-33-9096,S99991366,X32971669X,Mr.,Jules135,Edwardo860,Terry864,,,D,white,nonhispanic,M,Galt  California  US,612 Cassin Route,Avocado Heights,California,Los Angeles County,,00000,33.99691356309454,-117.99200245956489,189752.50,104584.74,171860
c6d2e514-6578-553e-8c6f-3c315c232ae5,1962-03-23,,999-89-5514,S99929687,X85194909X,Mrs.,Silvia880,Andrea7,Olivares593,,Tijerina14,M,asian,hispanic,F,Ponce  Puerto Rico  PR,892 Jacobson Union,Los Angeles,California,Los Angeles County,6037,91344,34.255786237188666,-118.40297349510409,30621.37,1522965.12,11861
a5e35c0d-7843-3a73-7e09-639fbd509ec2,1989-07-16,,999-94-2444,S99990934,X78062176X,Mr.,Benito209,Ramiro608,Cadena322,,,M,white,hispanic,M,Juarez  Chihuahua  MX,194 Schumm Parade Apt 9,Oxnard,California,Ventura County,6111,93033,33.965902214478064,-119.38095959264336,22061.60,972127.12,22793
11d6d004-5107-6a5c-a340-728939ca8e79,1987-12-02,,999-95-5350,S99994380,X83109931X,Mrs.,Mariana775,Cecilia788,Solorzano931,,Soliz209,M,white,hispanic,F,Santiago de los Caballeros  Santiago  DO,862 Gislason Neck Apt 31,Norwalk,California,Los Angeles County,6037,90703,33.87268486258953,-118.06592115234226,388886.68,1941631.99,132114
a9585cf3-ae5f-01cd-406e-c3cd4d2ea0c2,1953-03-03,,999-78-4087,S99919499,X69154400X,Mrs.,Jonie421,Cherlyn665,Dicki44,,Sanford861,D,white,nonhispanic,F,Huntington Park  California  US,945 Cummerata Vale Apt 0,Riverside,California,Riverside County,6065,92505,33.894165264671734,-117.49171429143198,322190.48,3550196.41,176908
9e3b0b3e-c9c2-1eb9-a3b7-7fd243a5b3a1,1945-03-23,2012-12-10,999-95-1248,S99951350,X78547194X,Mrs.,Lulu18,Joanne343,Dietrich576,,Schuster709,D,white,hispanic,F,Vandenberg Village  California  US,990 Koch Landing,Sacramento,California,Sacramento County,6067,95660,38.602065079540886,-121.53464239063427,1914990.64,794172.64,72159
ca6a23ee-a918-66b5-175d-baec5aba23f1,1973-08-21,,999-84-8953,S99916404,X89868040X,Mrs.,Ruthanne627,Kassie598,Goyette777,,Hills818,M,white,nonhispanic,F,Modesto  California  US,731 Huels Center Suite 12,San Jose,California,Santa Clara County,6085,95128,37.454331062563035,-122.00622173482563,152612.81,818944.88,33222
26019caf-a74c-ccdc-e150-e8ff6ec86f3a,1974-03-20,,999-65-1794,S99964821,X32644340X,Mrs.,Saturnina961,Cathy455,Williamson769,,Moore224,D,white,nonhispanic,F,Santa Cruz  California  US,754 Hyatt Walk Apt 8,Los Angeles,California,Los Angeles County,6037,90013,34.121614892818506,-118.39454865819461,17622.79,1676957.73,2678
0303c05a-5465-c2c7-22dd-b12df74ef629,1984-03-15,,999-56-3341,S99956676,X31097163X,Mrs.,Meredith572,Ermelinda113,Ebert178,,Ruecker817,M,white,nonhispanic,F,East Whittier  California  US,1088 Cremin Fork Unit 2,Linden,California,San Joaquin County,6077,95236,37.99239671880121,-120.99906076824017,475259.76,1113051.50,109984
b70e8196-505f-2eff-21fa-73afaddf5120,1970-04-10,2023-11-10,999-93-8706,S99941931,X52249131X,Mrs.,Solange45,Marina546,Ferry570,,Breitenberg711,M,asian,nonhispanic,F,Los Angeles  California  US,676 Marquardt Union,Santa Clara,California,Santa Clara County,6085,95110,37.31510090721495,-121.98271248938404,686856.75,506600.14,83373
0eacdb81-1a02-1704-aec9-b49840109d38,1952-08-21,,999-19-8434,S99980716,X84008046X,Mrs.,Evia329,,Christiansen251,,Carroll471,M,white,nonhispanic,F,Stockton  California  US,886 Rohan Spur Unit 24,Martinez,California,Contra Costa County,6013,94553,38.01128501245779,-122.12619792270561,1607931.12,1120982.05,40799
c15f7c0e-fab5-5124-86a9-c0c1e277b89c,1949-08-24,,999-81-6140,S99976770,X69311731X,Mr.,Peter292,Gerard367,Zboncak558,,,M,white,nonhispanic,M,Antioch  California  US,528 Marquardt Trail,Desert Hot Springs,California,Riverside County,6065,92282,33.91469613581232,-116.54777391861926,117250.68,261220.09,23467
e233be19-af79-8648-4bff-67df87dff74a,1997-07-11,,999-86-7651,S99978194,X54428511X,Ms.,Ivana95,Laticia649,Littel644,,,,white,nonhispanic,F,East San Gabriel  California  US,1004 Thiel Corner,Victorville,California,San Bernardino County,6071,92301,34.53308720141404,-117.31907880055381,33217.33,202125.85,39135
389b8516-6021-9be5-034b-e6c7991a4582,2011-01-29,,999-77-1253,,,,Mercedes82,María Cristina383,Matías497,,,,white,hispanic,F,Santiago de los Caballeros  Santiago  DO,952 Balistreri Lodge,Salton City,California,Imperial County,6025,92275,33.30590425917867,-115.85855111902124,40639.89,6516.96,63431
6c50424b-4fbd-6b16-80c0-6663cf18ce97,2008-04-30,,999-85-4279,S99923675,,,Mary779,Brant303,Kessler503,,,,other,nonhispanic,M,Oceanside  California  US,1075 Huel Viaduct,Oceanside,California,San Diego County,6073,92008,33.11436387550082,-117.3078163619164,3500.00,86238.75,5649
ea6fcf7a-5b28-97b9-3a07-2dbffd0a1225,1967-10-01,,999-76-9907,S99927092,X35594440X,Mr.,Byron202,Kenny207,Sporer811,,,M,black,hispanic,M,Salida  California  US,874 Gulgowski Highlands Suite 62,Beaumont,California,Riverside County,6065,92320,33.76345124577425,-116.90923189081285,18321.48,426292.64,13056
3ddd71c8-83e0-c783-f26d-d838d2beab65,1958-12-23,2014-04-17,999-29-6399,S99979619,X15876141X,Mr.,Micah422,,Predovic534,,,M,white,nonhispanic,M,Jurupa Valley  California  US,349 Bailey Trail,Modesto,California,Stanislaus County,6099,95357,37.65442255190462,-120.88069265225593,108431.38,207756.22,34378
2df6d290-91eb-d801-daaa-4ea1c995e37e,2008-05-10,,999-16-1702,S99984988,,,Parker433,Erich201,VonRueden376,,,,white,nonhispanic,M,Alum Rock  California  US,375 Farrell Station Apt 62,Dublin,California,Alameda County,6001,94568,37.73311230229804,-121.7170630978737,2400.00,65392.10,36502
f9de2f2f-2f18-08f4-fc45-a97645b5a1ff,1947-06-23,,999-15-1565,S99980523,X72571019X,Mr.,Ricardo560,Patricio639,Badillo851,,,S,white,hispanic,M,Salisbury  Saint Joseph Parish  DM,874 Fadel Vista Suite 95,Temelec,California,Sonoma County,,00000,38.266742524452916,-122.48286585544975,328450.62,190606.59,67339
3337c737-a709-58ff-a8dc-9be7109c48ac,1964-05-14,,999-66-7287,S99926014,X81381906X,Mr.,Ted955,Wendell199,Connelly992,,,M,white,nonhispanic,M,Los Angeles  California  US,419 Rath Mill Unit 86,Eastvale,California,Riverside County,6065,91752,33.921880630531774,-117.56666655907078,666639.08,446155.42,117797
62463c55-7a1c-a273-2b30-11b258e99440,1970-04-10,,999-18-1843,S99936248,X12299613X,Mrs.,Saundra460,Edie35,Schultz619,,Wisoky380,M,asian,nonhispanic,F,Santa Monica  California  US,232 Langosh Terrace,Santa Clara,California,Santa Clara County,6085,95110,37.34090466257702,-121.97568216559259,331436.90,54302.09,83373
42cf62bc-f52a-fe2e-83f1-2c6923a77554,1993-04-05,,999-58-6815,S99915585,X82621294X,Mrs.,Eva64,Dolores502,Prado282,,Arias66,M,asian,hispanic,F,Guatemala City  Guatemala  GT,165 Crist Union Apt 15,Santa Ana,California,Orange County,6059,92706,33.71312770940922,-117.88890041321606,558371.37,90364.03,90838
a22725f8-01d3-0784-1196-7c4223d4ad45,2020-10-29,,999-43-4851,,,,Robin66,Cole117,Heidenreich818,,,,white,hispanic,M,Napa  California  US,442 O'Keefe Skyway,Midway City,California,Orange County,6059,92655,33.79411197981812,-118.00528357391062,900.00,19972.03,10220
68ce6e7f-1a82-e256-89b9-41f21c604e7b,1975-02-01,,999-13-8445,S99948030,X88521271X,Mrs.,Beverley336,Angelyn934,Skiles927,,Huels583,M,asian,nonhispanic,F,San Diego  California  US,798 Mante Street,Los Angeles,California,Los Angeles County,6037,90293,34.21034640565601,-118.56981845186141,1357731.19,641389.18,59027
f66bf42d-3646-63d8-728b-5bcb262517bc,1965-05-26,,999-17-5695,S99988727,X47487927X,Mr.,Samuel331,,Guerrero997,,,S,white,hispanic,M,Bayamon  Puerto Rico  PR,470 Prohaska Park Suite 83,Glendale,California,Los Angeles County,6037,91207,34.164865639288394,-118.26902909840238,181678.66,27246.10,51010
74a3371b-8878-c6d5-32ea-3e5e07b60fda,1984-08-10,,999-63-7511,S99925748,X71913850X,Ms.,Rosalia943,Elvira561,Lerma517,,,S,white,hispanic,F,Gaudalajara  Jalisco  MX,539 Legros Pathway Suite 79,Huntington Beach,California,Orange County,6059,90740,33.699423646640135,-117.95118781113993,241446.74,1455896.29,44349
6b374947-e09b-bb0d-fb7a-5fc5c50c56c2,1943-09-19,,999-88-1478,S99933782,X1494607X,Mr.,Pablo44,Francisco472,Centeno914,,,M,asian,hispanic,M,Bayamon  Puerto Rico  PR,151 Koch Byway Suite 75,Garden Grove,California,Orange County,6059,92703,33.755826807972774,-117.94533249251626,870806.28,1682990.43,22422
dec7c1d1-b0b8-be1c-fda2-97765f60dc23,2021-08-07,,999-62-6892,,,,Ramiro608,Sebastian508,Lebsack687,,,,white,nonhispanic,M,El Monte  California  US,775 Walker Crossroad,Fresno,California,Fresno County,6019,93701,36.772273878332264,-119.80688703904177,12430.05,2643.64,71581
5e0fa25c-355d-eba6-5ba5-a498e7626b1d,2018-01-19,,999-81-3646,,,,Waylon572,Rodger755,Harris789,,,,asian,nonhispanic,M,Beijing  Beijing Municipality  CN,782 Herzog Crossing Apt 76,North Auburn,California,Placer County,,00000,38.95210833397203,-121.11046272455965,1459.78,22853.71,24201
e1601d14-fd1d-7de2-9b55-5eec3dd04b02,1934-06-22,2012-08-08,999-26-4348,S99936133,X65427039X,Mrs.,Shonda871,Kaitlyn96,Mitchell808,,Kessler503,M,other,hispanic,F,Los Angeles  California  US,632 Deckow Lane Suite 25,Port Hueneme,California,Ventura County,6111,93041,34.15374242735094,-119.09181309027765,1314242.39,1423978.28,104935
131f62e5-ade2-1e29-aef4-83f922d8219a,1946-04-11,1987-06-16,999-38-4615,S99949875,X75684029X,Mrs.,Lourdes258,Mayte822,Escalante498,,Olivárez848,D,black,hispanic,F,Juarez  Chihuahua  MX,914 D'Amore Ramp,Victorville,California,San Bernardino County,6071,92307,34.54948281776367,-117.16373336839095,673046.03,191683.75,93556
3c8e115f-0fa9-0f0f-1756-9bfdea47e64b,1991-06-26,,999-40-8670,S99985162,X53473907X,Mr.,Ezra452,Owen89,Heidenreich818,,,M,white,nonhispanic,M,Santa Maria  California  US,715 Wisoky Junction Suite 4,Santa Clarita,California,Los Angeles County,6037,91354,34.38471150291246,-118.4640659995572,81473.94,80232.09,75783
94019eba-43e5-f846-6777-4fd5a98ec79e,2019-05-02,,999-92-2901,,,,Hobert364,,Schuppe920,,,,native,nonhispanic,M,Simi Valley  California  US,632 Batz Esplanade Unit 10,Merced,California,Merced County,6047,95341,37.26633482415634,-120.59507221520028,12478.37,16142.51,80894
5395d2eb-cd9b-5ea0-9276-916aca83ce48,1981-01-01,,999-77-1088,S99978552,X65413998X,Mr.,Nelson403,Vince741,Herman763,,,M,white,nonhispanic,M,Kentfield  California  US,902 Wilkinson Burg Suite 41,Quincy,California,Plumas County,6063,95971,39.96322221840698,-120.84785294253253,234149.78,0.00,81088
70ea2908-b9b4-f4bb-beef-c65d58d8462b,2019-11-22,,999-33-6553,,,,Maurice742,Dewayne363,Barrows492,,,,white,nonhispanic,M,Alameda  California  US,380 Hilll View Unit 54,San Jose,California,Santa Clara County,6085,95122,37.20656853731484,-121.69193204677323,14720.27,29721.13,137121
a57bee94-e730-b510-59c9-a377414b4f02,1957-07-31,,999-59-9312,S99952775,X28413455X,Mrs.,Kenna183,Liberty95,Armstrong51,,Tremblay80,M,white,nonhispanic,F,Huntington Park  California  US,547 Hansen Gardens,Huntington Beach,California,Orange County,6059,92646,33.70569277155737,-118.0179291114912,291778.54,2389664.48,189933
